index,Sex,Type,Age,Date,Value
1100,KOBIETY,D+E,25-34,2011,28
1092,KOBIETY,C+E,55-64,2011,2
1093,KOBIETY,C1,45-54,2011,1
1094,KOBIETY,C1+E,45-54,2011,1
1095,KOBIETY,D,18-24,2011,44
1096,KOBIETY,D,25-34,2011,148
1097,KOBIETY,D,35-44,2011,79
1098,KOBIETY,D,45-54,2011,20
1099,KOBIETY,D+E,18-24,2011,11
1101,KOBIETY,D+E,35-44,2011,13
1102,KOBIETY,D+E,45-54,2011,3
1103,KOBIETY,T,do 18,2011,14
1104,KOBIETY,T,18-24,2011,26
1105,KOBIETY,T,25-34,2011,7
1106,KOBIETY,T,35-44,2011,6
1107,KOBIETY,T,45-54,2011,1
1108,KOBIETY,U,18-24,2011,6
1109,KOBIETY,U,25-34,2011,15
1123,MĘŻCZYŹNI,A1,45-54,2011,2
1122,MĘŻCZYŹNI,A1,35-44,2011,10
1121,MĘŻCZYŹNI,A1,25-34,2011,10
1120,MĘŻCZYŹNI,A1,18-24,2011,87
1119,MĘŻCZYŹNI,A1,do 18,2011,1946
1118,MĘŻCZYŹNI,A,od 65,2011,6
1091,KOBIETY,C+E,45-54,2011,10
1117,MĘŻCZYŹNI,A,55-64,2011,182
1115,MĘŻCZYŹNI,A,35-44,2011,5385
1114,MĘŻCZYŹNI,A,25-34,2011,19804
1113,MĘŻCZYŹNI,A,18-24,2011,27032
1112,MĘŻCZYŹNI,A,do 18,2011,1
1111,KOBIETY,U,45-54,2011,7
1110,KOBIETY,U,35-44,2011,17
1116,MĘŻCZYŹNI,A,45-54,2011,1021
1125,MĘŻCZYŹNI,B,25-34,2011,30957
1090,KOBIETY,C+E,35-44,2011,42
1088,KOBIETY,C+E,18-24,2011,50
1057,KOBIETY,A,18-24,2011,2896
1058,KOBIETY,A,25-34,2011,3053
1059,KOBIETY,A,35-44,2011,881
1060,KOBIETY,A,45-54,2011,124
1061,KOBIETY,A,55-64,2011,5
1062,KOBIETY,A1,do 18,2011,87
1063,KOBIETY,A1,18-24,2011,8
1064,KOBIETY,A1,25-34,2011,1
1065,KOBIETY,A1,45-54,2011,1
1066,KOBIETY,B,18-24,2011,182849
1067,KOBIETY,B,25-34,2011,65609
1068,KOBIETY,B,35-44,2011,19635
1069,KOBIETY,B,45-54,2011,6636
1070,KOBIETY,B,55-64,2011,1659
1071,KOBIETY,B,od 65,2011,78
1072,KOBIETY,B+E,18-24,2011,170
1073,KOBIETY,B+E,25-34,2011,210
1087,KOBIETY,C,55-64,2011,2
1086,KOBIETY,C,45-54,2011,30
1085,KOBIETY,C,35-44,2011,117
1084,KOBIETY,C,25-34,2011,270
1083,KOBIETY,C,18-24,2011,174
1082,KOBIETY,B1,od 65,2011,1
1089,KOBIETY,C+E,25-34,2011,89
1081,KOBIETY,B1,45-54,2011,1
1079,KOBIETY,B1,25-34,2011,8
1078,KOBIETY,B1,18-24,2011,22
1077,KOBIETY,B1,do 18,2011,590
1076,KOBIETY,B+E,55-64,2011,4
1075,KOBIETY,B+E,45-54,2011,20
1074,KOBIETY,B+E,35-44,2011,97
1080,KOBIETY,B1,35-44,2011,1
1126,MĘŻCZYŹNI,B,35-44,2011,7029
1124,MĘŻCZYŹNI,B,18-24,2011,194955
1128,MĘŻCZYŹNI,B,55-64,2011,958
1172,MĘŻCZYŹNI,D+E,35-44,2011,816
1173,MĘŻCZYŹNI,D+E,45-54,2011,312
1174,MĘŻCZYŹNI,D+E,55-64,2011,54
1175,MĘŻCZYŹNI,D1,18-24,2011,1
1176,MĘŻCZYŹNI,D1,25-34,2011,7
1177,MĘŻCZYŹNI,D1,35-44,2011,10
1171,MĘŻCZYŹNI,D+E,25-34,2011,1533
1178,MĘŻCZYŹNI,D1,45-54,2011,5
1180,MĘŻCZYŹNI,D1+E,25-34,2011,1
1181,MĘŻCZYŹNI,D1+E,35-44,2011,5
1182,MĘŻCZYŹNI,D1+E,55-64,2011,1
1183,MĘŻCZYŹNI,T,do 18,2011,1393
1184,MĘŻCZYŹNI,T,18-24,2011,2629
1127,MĘŻCZYŹNI,B,45-54,2011,2219
1179,MĘŻCZYŹNI,D1,55-64,2011,1
1186,MĘŻCZYŹNI,T,35-44,2011,133
1170,MĘŻCZYŹNI,D+E,18-24,2011,455
1168,MĘŻCZYŹNI,D,45-54,2011,528
1154,MĘŻCZYŹNI,C+E,od 65,2011,1
1155,MĘŻCZYŹNI,C1,18-24,2011,16
1156,MĘŻCZYŹNI,C1,25-34,2011,22
1157,MĘŻCZYŹNI,C1,35-44,2011,12
1158,MĘŻCZYŹNI,C1,45-54,2011,6
1159,MĘŻCZYŹNI,C1,55-64,2011,1
1169,MĘŻCZYŹNI,D,55-64,2011,87
1160,MĘŻCZYŹNI,C1+E,18-24,2011,22
1162,MĘŻCZYŹNI,C1+E,35-44,2011,15
1163,MĘŻCZYŹNI,C1+E,45-54,2011,2
1164,MĘŻCZYŹNI,C1+E,55-64,2011,1
1165,MĘŻCZYŹNI,D,18-24,2011,936
1166,MĘŻCZYŹNI,D,25-34,2011,2122
1167,MĘŻCZYŹNI,D,35-44,2011,1179
1161,MĘŻCZYŹNI,C1+E,25-34,2011,22
1187,MĘŻCZYŹNI,T,45-54,2011,44
1185,MĘŻCZYŹNI,T,25-34,2011,413
1189,MĘŻCZYŹNI,T,od 65,2011,3
1129,MĘŻCZYŹNI,B,od 65,2011,90
1130,MĘŻCZYŹNI,B+E,18-24,2011,11307
1131,MĘŻCZYŹNI,B+E,25-34,2011,13315
1132,MĘŻCZYŹNI,B+E,35-44,2011,5216
1133,MĘŻCZYŹNI,B+E,45-54,2011,1576
1134,MĘŻCZYŹNI,B+E,55-64,2011,350
1135,MĘŻCZYŹNI,B+E,od 65,2011,20
1136,MĘŻCZYŹNI,B1,do 18,2011,1682
1137,MĘŻCZYŹNI,B1,18-24,2011,75
1138,MĘŻCZYŹNI,B1,25-34,2011,22
1139,MĘŻCZYŹNI,B1,35-44,2011,14
1140,MĘŻCZYŹNI,B1,45-54,2011,4
1188,MĘŻCZYŹNI,T,55-64,2011,16
1142,MĘŻCZYŹNI,B1,od 65,2011,2
1143,MĘŻCZYŹNI,C,18-24,2011,16897
1141,MĘŻCZYŹNI,B1,55-64,2011,8
1145,MĘŻCZYŹNI,C,35-44,2011,4397
1190,MĘŻCZYŹNI,U,18-24,2011,32
1191,MĘŻCZYŹNI,U,25-34,2011,95
1192,MĘŻCZYŹNI,U,35-44,2011,69
1193,MĘŻCZYŹNI,U,45-54,2011,28
1144,MĘŻCZYŹNI,C,25-34,2011,13132
1195,MĘŻCZYŹNI,U,od 65,2011,1
1153,MĘŻCZYŹNI,C+E,55-64,2011,131
1194,MĘŻCZYŹNI,U,55-64,2011,8
1151,MĘŻCZYŹNI,C+E,35-44,2011,3806
1150,MĘŻCZYŹNI,C+E,25-34,2011,10771
1149,MĘŻCZYŹNI,C+E,18-24,2011,8676
1148,MĘŻCZYŹNI,C,od 65,2011,3
1147,MĘŻCZYŹNI,C,55-64,2011,171
1146,MĘŻCZYŹNI,C,45-54,2011,1281
1152,MĘŻCZYŹNI,C+E,45-54,2011,1014
147,MĘŻCZYŹNI,C,od 65,2012,2
151,MĘŻCZYŹNI,T,od 65,2012,1
150,MĘŻCZYŹNI,C+E,od 65,2012,1
149,MĘŻCZYŹNI,C1+E,od 65,2012,1
148,MĘŻCZYŹNI,C1,od 65,2012,1
146,MĘŻCZYŹNI,B+E,od 65,2012,23
0,MĘŻCZYŹNI,A,18-24,2012,29862
144,MĘŻCZYŹNI,B1,od 65,2012,2
52,KOBIETY,T,25-34,2012,15
51,MĘŻCZYŹNI,T,25-34,2012,636
50,KOBIETY,D+E,25-34,2012,36
3,MĘŻCZYŹNI,A1,18-24,2012,133
48,MĘŻCZYŹNI,D1+E,25-34,2012,9
47,KOBIETY,D1+E,25-34,2012,1
53,KOBIETY,U,25-34,2012,29
46,MĘŻCZYŹNI,D1,25-34,2012,6
44,KOBIETY,D,25-34,2012,174
43,KOBIETY,C+E,25-34,2012,118
145,KOBIETY,B+E,od 65,2012,1
1,KOBIETY,A,18-24,2012,3850
42,MĘŻCZYŹNI,C+E,25-34,2012,13047
41,MĘŻCZYŹNI,C1+E,25-34,2012,51
45,MĘŻCZYŹNI,D,25-34,2012,2958
40,KOBIETY,C1+E,25-34,2012,2
54,MĘŻCZYŹNI,U,25-34,2012,160
56,KOBIETY,A,35-44,2012,1210
70,MĘŻCZYŹNI,C1+E,35-44,2012,20
69,KOBIETY,C1+E,35-44,2012,1
68,KOBIETY,C1,35-44,2012,2
67,MĘŻCZYŹNI,C1,35-44,2012,25
66,MĘŻCZYŹNI,C,35-44,2012,5881
65,KOBIETY,C,35-44,2012,174
55,MĘŻCZYŹNI,A,35-44,2012,6747
64,MĘŻCZYŹNI,B+E,35-44,2012,6507
62,MĘŻCZYŹNI,B1,35-44,2012,6
61,KOBIETY,B1,35-44,2012,3
60,MĘŻCZYŹNI,B,35-44,2012,8077
59,KOBIETY,B,35-44,2012,25022
58,KOBIETY,A1,35-44,2012,4
57,MĘŻCZYŹNI,A1,35-44,2012,10
63,KOBIETY,B+E,35-44,2012,145
39,KOBIETY,C1,25-34,2012,1
38,MĘŻCZYŹNI,C1,25-34,2012,50
37,MĘŻCZYŹNI,C,25-34,2012,16741
17,KOBIETY,D,18-24,2012,52
16,MĘŻCZYŹNI,D,18-24,2012,1327
15,MĘŻCZYŹNI,C+E,18-24,2012,10846
14,KOBIETY,C+E,18-24,2012,96
13,MĘŻCZYŹNI,C1+E,18-24,2012,35
12,MĘŻCZYŹNI,C1,18-24,2012,29
18,MĘŻCZYŹNI,D1,18-24,2012,2
11,KOBIETY,C,18-24,2012,277
9,KOBIETY,B+E,18-24,2012,218
8,MĘŻCZYŹNI,B+E,18-24,2012,13433
7,KOBIETY,B1,18-24,2012,242
6,MĘŻCZYŹNI,B1,18-24,2012,484
5,MĘŻCZYŹNI,B,18-24,2012,207124
4,KOBIETY,B,18-24,2012,211014
10,MĘŻCZYŹNI,C,18-24,2012,22208
19,KOBIETY,D+E,18-24,2012,14
20,MĘŻCZYŹNI,D+E,18-24,2012,703
21,MĘŻCZYŹNI,T,18-24,2012,3252
36,KOBIETY,C,25-34,2012,354
35,KOBIETY,B+E,25-34,2012,245
34,MĘŻCZYŹNI,B+E,25-34,2012,15858
33,MĘŻCZYŹNI,B1,25-34,2012,21
32,KOBIETY,B1,25-34,2012,14
31,MĘŻCZYŹNI,B,25-34,2012,35211
30,KOBIETY,B,25-34,2012,79232
29,MĘŻCZYŹNI,AM,25-34,2012,1
28,MĘŻCZYŹNI,A1,25-34,2012,11
27,KOBIETY,A1,25-34,2012,3
26,MĘŻCZYŹNI,A,25-34,2012,22617
25,KOBIETY,A,25-34,2012,3673
24,MĘŻCZYŹNI,U,18-24,2012,71
23,KOBIETY,U,18-24,2012,3
22,KOBIETY,T,18-24,2012,53
71,KOBIETY,C+E,35-44,2012,77
72,MĘŻCZYŹNI,C+E,35-44,2012,4999
49,MĘŻCZYŹNI,D+E,25-34,2012,2039
74,MĘŻCZYŹNI,D,35-44,2012,1713
121,KOBIETY,C,55-64,2012,1
120,MĘŻCZYŹNI,B+E,55-64,2012,395
119,KOBIETY,B+E,55-64,2012,5
118,MĘŻCZYŹNI,B1,55-64,2012,9
117,MĘŻCZYŹNI,B,55-64,2012,936
116,KOBIETY,B,55-64,2012,2182
115,MĘŻCZYŹNI,A1,55-64,2012,2
114,KOBIETY,A,55-64,2012,21
122,MĘŻCZYŹNI,C,55-64,2012,190
113,MĘŻCZYŹNI,A,55-64,2012,244
111,MĘŻCZYŹNI,U,45-54,2012,45
110,MĘŻCZYŹNI,T,45-54,2012,66
109,KOBIETY,T,45-54,2012,1
108,KOBIETY,D+E,45-54,2012,3
107,MĘŻCZYŹNI,D+E,45-54,2012,421
106,MĘŻCZYŹNI,D1+E,45-54,2012,5
105,MĘŻCZYŹNI,D1,45-54,2012,2
104,KOBIETY,D,45-54,2012,27
112,KOBIETY,U,45-54,2012,13
73,KOBIETY,D,35-44,2012,128
123,MĘŻCZYŹNI,C1,55-64,2012,2
125,MĘŻCZYŹNI,C+E,55-64,2012,160
143,MĘŻCZYŹNI,B,od 65,2012,98
142,KOBIETY,B,od 65,2012,108
141,MĘŻCZYŹNI,A1,od 65,2012,1
140,MĘŻCZYŹNI,A,od 65,2012,7
139,KOBIETY,T,do 18,2012,19
138,MĘŻCZYŹNI,T,do 18,2012,1919
137,MĘŻCZYŹNI,B1,do 18,2012,2856
136,KOBIETY,B1,do 18,2012,1127
124,MĘŻCZYŹNI,C1+E,55-64,2012,5
135,KOBIETY,A1,do 18,2012,147
133,MĘŻCZYŹNI,U,55-64,2012,18
132,KOBIETY,U,55-64,2012,2
131,MĘŻCZYŹNI,T,55-64,2012,15
130,MĘŻCZYŹNI,D+E,55-64,2012,52
129,MĘŻCZYŹNI,D1+E,55-64,2012,2
128,MĘŻCZYŹNI,D,55-64,2012,111
127,KOBIETY,D,55-64,2012,1
126,KOBIETY,C+E,55-64,2012,1
134,MĘŻCZYŹNI,A1,do 18,2012,2309
103,MĘŻCZYŹNI,D,45-54,2012,645
2,KOBIETY,A1,18-24,2012,19
92,KOBIETY,B1,45-54,2012,3
102,MĘŻCZYŹNI,C+E,45-54,2012,1307
101,KOBIETY,C+E,45-54,2012,8
100,MĘŻCZYŹNI,C1+E,45-54,2012,9
99,MĘŻCZYŹNI,C1,45-54,2012,9
98,KOBIETY,C1,45-54,2012,1
97,KOBIETY,C,45-54,2012,25
96,MĘŻCZYŹNI,C,45-54,2012,1455
95,MĘŻCZYŹNI,B+E,45-54,2012,1960
94,KOBIETY,B+E,45-54,2012,24
93,MĘŻCZYŹNI,B1,45-54,2012,4
91,MĘŻCZYŹNI,B,45-54,2012,2538
90,KOBIETY,B,45-54,2012,8782
88,KOBIETY,A1,45-54,2012,1
89,KOBIETY,AM,45-54,2012,1
81,KOBIETY,T,35-44,2012,6
86,MĘŻCZYŹNI,A,45-54,2012,1249
85,KOBIETY,A,45-54,2012,147
75,KOBIETY,D1,35-44,2012,1
84,MĘŻCZYŹNI,U,35-44,2012,102
83,KOBIETY,U,35-44,2012,34
82,MĘŻCZYŹNI,T,35-44,2012,187
76,MĘŻCZYŹNI,D1,35-44,2012,6
87,MĘŻCZYŹNI,A1,45-54,2012,8
80,KOBIETY,D+E,35-44,2012,25
79,MĘŻCZYŹNI,D+E,35-44,2012,1201
78,KOBIETY,D1+E,35-44,2012,1
77,MĘŻCZYŹNI,D1+E,35-44,2012,3
399,KOBIETY,B+E,45-54,2013,30
401,KOBIETY,B+E,55-64,2013,2
400,MĘŻCZYŹNI,B+E,55-64,2013,436
398,MĘŻCZYŹNI,B+E,45-54,2013,1918
410,KOBIETY,B1,45-54,2013,1
396,MĘŻCZYŹNI,B+E,35-44,2013,6506
395,MĘŻCZYŹNI,B+E,25-34,2013,14554
402,MĘŻCZYŹNI,B+E,od 65,2013,23
397,KOBIETY,B+E,35-44,2013,153
409,MĘŻCZYŹNI,B1,45-54,2013,4
403,MĘŻCZYŹNI,B1,18-24,2013,1307
405,KOBIETY,B1,25-34,2013,2
424,MĘŻCZYŹNI,C,od 65,2013,6
423,MĘŻCZYŹNI,C,55-64,2013,259
422,KOBIETY,C,55-64,2013,3
421,MĘŻCZYŹNI,C,45-54,2013,1249
420,KOBIETY,C,45-54,2013,30
419,MĘŻCZYŹNI,C,35-44,2013,5178
418,KOBIETY,C,35-44,2013,169
417,KOBIETY,C,25-34,2013,331
416,MĘŻCZYŹNI,C,25-34,2013,14356
415,MĘŻCZYŹNI,C,18-24,2013,9592
408,MĘŻCZYŹNI,B1,35-44,2013,9
414,KOBIETY,C,18-24,2013,121
413,KOBIETY,B1,od 65,2013,1
412,MĘŻCZYŹNI,B1,od 65,2013,1
411,MĘŻCZYŹNI,B1,55-64,2013,5
407,KOBIETY,B1,35-44,2013,2
426,MĘŻCZYŹNI,C+E,18-24,2013,5654
427,MĘŻCZYŹNI,C+E,25-34,2013,12430
428,KOBIETY,C+E,25-34,2013,140
406,MĘŻCZYŹNI,B1,25-34,2013,12
443,MĘŻCZYŹNI,C1+E,45-54,2013,2
442,MĘŻCZYŹNI,C1+E,35-44,2013,23
441,MĘŻCZYŹNI,C1+E,25-34,2013,21
440,KOBIETY,C1+E,25-34,2013,1
439,MĘŻCZYŹNI,C1,45-54,2013,4
438,MĘŻCZYŹNI,C1,35-44,2013,13
404,KOBIETY,B1,18-24,2013,581
437,MĘŻCZYŹNI,C1,25-34,2013,17
435,MĘŻCZYŹNI,C+E,od 65,2013,3
434,MĘŻCZYŹNI,C+E,55-64,2013,244
433,KOBIETY,C+E,55-64,2013,1
432,MĘŻCZYŹNI,C+E,45-54,2013,1430
431,KOBIETY,C+E,45-54,2013,15
430,MĘŻCZYŹNI,C+E,35-44,2013,5127
429,KOBIETY,C+E,35-44,2013,75
436,MĘŻCZYŹNI,C1,18-24,2013,6
425,KOBIETY,C+E,18-24,2013,40
474,KOBIETY,T,18-24,2013,34
445,KOBIETY,D,18-24,2013,24
472,MĘŻCZYŹNI,D1+E,45-54,2013,1
473,MĘŻCZYŹNI,T,18-24,2013,3002
475,KOBIETY,T,25-34,2013,5
476,MĘŻCZYŹNI,T,25-34,2013,376
477,KOBIETY,T,35-44,2013,1
478,MĘŻCZYŹNI,T,35-44,2013,94
479,MĘŻCZYŹNI,T,45-54,2013,22
480,KOBIETY,T,45-54,2013,2
481,MĘŻCZYŹNI,T,55-64,2013,7
482,MĘŻCZYŹNI,T,od 65,2013,1
471,MĘŻCZYŹNI,D1+E,35-44,2013,6
483,KOBIETY,U,18-24,2013,3
485,KOBIETY,U,25-34,2013,15
486,MĘŻCZYŹNI,U,25-34,2013,78
487,MĘŻCZYŹNI,U,35-44,2013,65
488,KOBIETY,U,35-44,2013,28
489,MĘŻCZYŹNI,U,45-54,2013,40
490,KOBIETY,U,45-54,2013,6
491,MĘŻCZYŹNI,U,55-64,2013,24
492,KOBIETY,U,55-64,2013,4
493,MĘŻCZYŹNI,U,od 65,2013,3
394,KOBIETY,B+E,25-34,2013,235
484,MĘŻCZYŹNI,U,18-24,2013,18
444,MĘŻCZYŹNI,D,18-24,2013,407
470,MĘŻCZYŹNI,D1+E,25-34,2013,2
468,MĘŻCZYŹNI,D1,45-54,2013,2
446,KOBIETY,D,25-34,2013,157
447,MĘŻCZYŹNI,D,25-34,2013,2345
448,MĘŻCZYŹNI,D,35-44,2013,1485
449,KOBIETY,D,35-44,2013,127
450,MĘŻCZYŹNI,D,45-54,2013,554
451,KOBIETY,D,45-54,2013,29
452,KOBIETY,D,55-64,2013,1
453,MĘŻCZYŹNI,D,55-64,2013,125
454,MĘŻCZYŹNI,D,od 65,2013,3
455,MĘŻCZYŹNI,D+E,18-24,2013,206
469,MĘŻCZYŹNI,D1,55-64,2013,1
456,KOBIETY,D+E,18-24,2013,4
458,KOBIETY,D+E,25-34,2013,23
459,KOBIETY,D+E,35-44,2013,24
460,MĘŻCZYŹNI,D+E,35-44,2013,1034
461,MĘŻCZYŹNI,D+E,45-54,2013,381
462,KOBIETY,D+E,45-54,2013,5
463,MĘŻCZYŹNI,D+E,55-64,2013,87
464,MĘŻCZYŹNI,D+E,od 65,2013,2
465,MĘŻCZYŹNI,D1,18-24,2013,1
466,MĘŻCZYŹNI,D1,25-34,2013,4
467,MĘŻCZYŹNI,D1,35-44,2013,10
457,MĘŻCZYŹNI,D+E,25-34,2013,1496
393,KOBIETY,B+E,18-24,2013,126
384,KOBIETY,B,35-44,2013,21189
391,KOBIETY,B,od 65,2013,175
363,KOBIETY,A2,25-34,2013,10
362,MĘŻCZYŹNI,A2,25-34,2013,30
361,KOBIETY,A2,18-24,2013,279
360,MĘŻCZYŹNI,A2,18-24,2013,3244
359,KOBIETY,A1,45-54,2013,1
358,MĘŻCZYŹNI,A1,45-54,2013,3
357,KOBIETY,A1,35-44,2013,15
356,MĘŻCZYŹNI,A1,35-44,2013,8
355,KOBIETY,A1,25-34,2013,24
354,MĘŻCZYŹNI,A1,25-34,2013,7
353,KOBIETY,A1,18-24,2013,73
352,MĘŻCZYŹNI,A1,18-24,2013,779
351,MĘŻCZYŹNI,A,od 65,2013,4
350,MĘŻCZYŹNI,A,55-64,2013,87
348,KOBIETY,A,45-54,2013,29
347,MĘŻCZYŹNI,A,45-54,2013,389
346,MĘŻCZYŹNI,A,35-44,2013,2522
345,KOBIETY,A,35-44,2013,273
344,KOBIETY,A,25-34,2013,839
343,MĘŻCZYŹNI,A,25-34,2013,6551
342,KOBIETY,A,18-24,2013,175
341,MĘŻCZYŹNI,A,18-24,2013,1517
392,MĘŻCZYŹNI,B+E,18-24,2013,7714
364,MĘŻCZYŹNI,A2,35-44,2013,9
365,KOBIETY,A2,35-44,2013,4
349,KOBIETY,A,55-64,2013,2
367,MĘŻCZYŹNI,A2,55-64,2013,1
390,MĘŻCZYŹNI,B,od 65,2013,118
366,KOBIETY,A2,45-54,2013,1
389,MĘŻCZYŹNI,B,55-64,2013,847
388,KOBIETY,B,55-64,2013,2645
387,MĘŻCZYŹNI,B,45-54,2013,1911
386,KOBIETY,B,45-54,2013,7862
383,MĘŻCZYŹNI,B,25-34,2013,28712
382,KOBIETY,B,25-34,2013,59091
381,MĘŻCZYŹNI,B,18-24,2013,167778
380,KOBIETY,B,18-24,2013,157402
379,MĘŻCZYŹNI,AM,od 65,2013,771
385,MĘŻCZYŹNI,B,35-44,2013,7109
377,MĘŻCZYŹNI,AM,55-64,2013,1580
378,KOBIETY,AM,od 65,2013,144
368,KOBIETY,AM,18-24,2013,6134
370,KOBIETY,AM,25-34,2013,5699
371,MĘŻCZYŹNI,AM,25-34,2013,6003
373,MĘŻCZYŹNI,AM,35-44,2013,3994
372,KOBIETY,AM,35-44,2013,2453
374,MĘŻCZYŹNI,AM,45-54,2013,1951
375,KOBIETY,AM,45-54,2013,1023
376,KOBIETY,AM,55-64,2013,543
369,MĘŻCZYŹNI,AM,18-24,2013,8355
1870,MĘŻCZYŹNI,C1,od 65,2014,1
1874,MĘŻCZYŹNI,C1+E,45-54,2014,6
1872,MĘŻCZYŹNI,C1+E,25-34,2014,14
1869,MĘŻCZYŹNI,C1,45-54,2014,5
1873,MĘŻCZYŹNI,C1+E,35-44,2014,7
1871,MĘŻCZYŹNI,C1+E,18-24,2014,2
1878,KOBIETY,D,25-34,2014,193
1876,MĘŻCZYŹNI,D,18-24,2014,395
1877,KOBIETY,D,18-24,2014,30
1879,MĘŻCZYŹNI,D,25-34,2014,2125
1880,KOBIETY,D,35-44,2014,150
1868,MĘŻCZYŹNI,C1,35-44,2014,6
1881,MĘŻCZYŹNI,D,35-44,2014,1183
1882,MĘŻCZYŹNI,D,45-54,2014,482
1875,MĘŻCZYŹNI,C1+E,od 65,2014,1
1867,MĘŻCZYŹNI,C1,25-34,2014,11
1856,MĘŻCZYŹNI,C+E,18-24,2014,6047
1865,MĘŻCZYŹNI,C1,18-24,2014,16
1883,KOBIETY,D,45-54,2014,25
1850,KOBIETY,C,35-44,2014,108
1851,MĘŻCZYŹNI,C,45-54,2014,868
1852,KOBIETY,C,45-54,2014,22
1853,KOBIETY,C,55-64,2014,4
1854,MĘŻCZYŹNI,C,55-64,2014,164
1855,KOBIETY,C+E,18-24,2014,50
1857,KOBIETY,C+E,25-34,2014,147
1858,MĘŻCZYŹNI,C+E,25-34,2014,10739
1859,KOBIETY,C+E,35-44,2014,84
1860,MĘŻCZYŹNI,C+E,35-44,2014,4435
1861,MĘŻCZYŹNI,C+E,45-54,2014,1188
1862,KOBIETY,C+E,45-54,2014,17
1863,MĘŻCZYŹNI,C+E,55-64,2014,195
1864,MĘŻCZYŹNI,C+E,od 65,2014,1
1866,KOBIETY,C1,18-24,2014,1
1884,KOBIETY,D,55-64,2014,3
1910,MĘŻCZYŹNI,T,55-64,2014,7
1886,MĘŻCZYŹNI,D+E,18-24,2014,154
1906,MĘŻCZYŹNI,T,25-34,2014,293
1907,KOBIETY,T,35-44,2014,3
1908,MĘŻCZYŹNI,T,35-44,2014,78
1909,MĘŻCZYŹNI,T,45-54,2014,16
1849,MĘŻCZYŹNI,C,35-44,2014,3702
1912,KOBIETY,U,18-24,2014,11
1913,MĘŻCZYŹNI,U,25-34,2014,113
1914,KOBIETY,U,25-34,2014,40
1915,KOBIETY,U,35-44,2014,34
1916,MĘŻCZYŹNI,U,35-44,2014,80
1917,KOBIETY,U,45-54,2014,10
1918,MĘŻCZYŹNI,U,45-54,2014,51
1919,MĘŻCZYŹNI,U,55-64,2014,13
1920,KOBIETY,U,55-64,2014,4
1921,KOBIETY,U,od 65,2014,1
1905,KOBIETY,T,25-34,2014,4
1885,MĘŻCZYŹNI,D,55-64,2014,112
1904,KOBIETY,T,18-24,2014,35
1902,MĘŻCZYŹNI,D1+E,45-54,2014,2
1887,KOBIETY,D+E,18-24,2014,2
1888,KOBIETY,D+E,25-34,2014,34
1889,MĘŻCZYŹNI,D+E,25-34,2014,1220
1890,MĘŻCZYŹNI,D+E,35-44,2014,800
1891,KOBIETY,D+E,35-44,2014,16
1892,KOBIETY,D+E,45-54,2014,4
1893,MĘŻCZYŹNI,D+E,45-54,2014,274
1894,MĘŻCZYŹNI,D+E,55-64,2014,68
1895,MĘŻCZYŹNI,D+E,od 65,2014,1
1896,KOBIETY,D1,18-24,2014,1
1897,MĘŻCZYŹNI,D1,25-34,2014,5
1898,MĘŻCZYŹNI,D1,35-44,2014,5
1899,MĘŻCZYŹNI,D1,45-54,2014,8
1900,MĘŻCZYŹNI,D1+E,25-34,2014,2
1901,MĘŻCZYŹNI,D1+E,35-44,2014,3
1903,MĘŻCZYŹNI,T,18-24,2014,2114
1848,MĘŻCZYŹNI,C,25-34,2014,9973
1911,MĘŻCZYŹNI,U,18-24,2014,50
1846,KOBIETY,C,18-24,2014,125
1794,MĘŻCZYŹNI,A2,18-24,2014,3807
1795,KOBIETY,A2,18-24,2014,304
1796,MĘŻCZYŹNI,A2,25-34,2014,2
1797,KOBIETY,A2,25-34,2014,5
1798,MĘŻCZYŹNI,A2,35-44,2014,4
1799,KOBIETY,A2,35-44,2014,9
1793,MĘŻCZYŹNI,A1,55-64,2014,5
1800,MĘŻCZYŹNI,A2,45-54,2014,2
1802,KOBIETY,AM,18-24,2014,2774
1803,KOBIETY,AM,25-34,2014,688
1804,MĘŻCZYŹNI,AM,25-34,2014,459
1805,KOBIETY,AM,35-44,2014,238
1806,MĘŻCZYŹNI,AM,35-44,2014,141
1807,KOBIETY,AM,45-54,2014,74
1801,MĘŻCZYŹNI,AM,18-24,2014,5073
1792,MĘŻCZYŹNI,A1,45-54,2014,4
1791,MĘŻCZYŹNI,A1,35-44,2014,14
1790,KOBIETY,A1,35-44,2014,9
1847,KOBIETY,C,25-34,2014,258
1775,KOBIETY,A,18-24,2014,84
1776,MĘŻCZYŹNI,A,18-24,2014,710
1777,MĘŻCZYŹNI,A,25-34,2014,7384
1778,KOBIETY,A,25-34,2014,881
1779,MĘŻCZYŹNI,A,35-44,2014,2704
1780,KOBIETY,A,35-44,2014,316
1781,KOBIETY,A,45-54,2014,24
1782,MĘŻCZYŹNI,A,45-54,2014,370
1783,MĘŻCZYŹNI,A,55-64,2014,78
1784,KOBIETY,A,55-64,2014,3
1785,MĘŻCZYŹNI,A,od 65,2014,3
1786,MĘŻCZYŹNI,A1,18-24,2014,145
1787,KOBIETY,A1,18-24,2014,34
1788,KOBIETY,A1,25-34,2014,18
1808,MĘŻCZYŹNI,AM,45-54,2014,55
1809,KOBIETY,AM,55-64,2014,26
1789,MĘŻCZYŹNI,A1,25-34,2014,17
1811,KOBIETY,AM,od 65,2014,1
1831,KOBIETY,B+E,45-54,2014,34
1832,MĘŻCZYŹNI,B+E,45-54,2014,1737
1833,MĘŻCZYŹNI,B+E,55-64,2014,359
1834,KOBIETY,B+E,55-64,2014,2
1835,MĘŻCZYŹNI,B+E,od 65,2014,17
1836,KOBIETY,B1,18-24,2014,23
1838,MĘŻCZYŹNI,B1,25-34,2014,7
1839,KOBIETY,B1,25-34,2014,5
1840,MĘŻCZYŹNI,B1,35-44,2014,7
1841,KOBIETY,B1,35-44,2014,3
1842,MĘŻCZYŹNI,B1,45-54,2014,5
1843,MĘŻCZYŹNI,B1,55-64,2014,1
1844,MĘŻCZYŹNI,B1,od 65,2014,2
1810,MĘŻCZYŹNI,AM,55-64,2014,30
1845,MĘŻCZYŹNI,C,18-24,2014,7838
1830,KOBIETY,B+E,35-44,2014,134
1829,MĘŻCZYŹNI,B+E,35-44,2014,5784
1837,MĘŻCZYŹNI,B1,18-24,2014,62
1827,KOBIETY,B+E,25-34,2014,227
1813,MĘŻCZYŹNI,B,18-24,2014,146158
1828,MĘŻCZYŹNI,B+E,25-34,2014,12871
1814,KOBIETY,B,18-24,2014,125805
1815,KOBIETY,B,25-34,2014,27834
1816,MĘŻCZYŹNI,B,25-34,2014,16129
1812,MĘŻCZYŹNI,AM,od 65,2014,12
1818,MĘŻCZYŹNI,B,35-44,2014,3962
1819,MĘŻCZYŹNI,B,45-54,2014,894
1817,KOBIETY,B,35-44,2014,8342
1821,MĘŻCZYŹNI,B,55-64,2014,339
1822,KOBIETY,B,55-64,2014,814
1823,KOBIETY,B,od 65,2014,54
1824,MĘŻCZYŹNI,B,od 65,2014,55
1825,MĘŻCZYŹNI,B+E,18-24,2014,8603
1826,KOBIETY,B+E,18-24,2014,144
1820,KOBIETY,B,45-54,2014,2603
941,KOBIETY,T,25-34,2015,22
940,MĘŻCZYŹNI,T,25-34,2015,778
939,MĘŻCZYŹNI,D+E,25-34,2015,1353
942,MĘŻCZYŹNI,U,25-34,2015,193
938,KOBIETY,D+E,25-34,2015,27
937,MĘŻCZYŹNI,D1+E,25-34,2015,58
936,KOBIETY,D1,25-34,2015,4
935,MĘŻCZYŹNI,D1,25-34,2015,108
928,KOBIETY,C1,25-34,2015,19
933,KOBIETY,D,25-34,2015,229
932,MĘŻCZYŹNI,C+E,25-34,2015,11842
931,KOBIETY,C+E,25-34,2015,146
930,KOBIETY,C1+E,25-34,2015,6
929,MĘŻCZYŹNI,C1+E,25-34,2015,400
927,MĘŻCZYŹNI,C1,25-34,2015,818
943,KOBIETY,U,25-34,2015,69
926,KOBIETY,C,25-34,2015,296
934,MĘŻCZYŹNI,D,25-34,2015,2348
944,MĘŻCZYŹNI,A,35-44,2015,3972
962,MĘŻCZYŹNI,C1+E,35-44,2015,170
946,MĘŻCZYŹNI,A1,35-44,2015,100
925,MĘŻCZYŹNI,C,25-34,2015,11597
965,KOBIETY,C+E,35-44,2015,90
964,MĘŻCZYŹNI,C+E,35-44,2015,4951
963,KOBIETY,C1+E,35-44,2015,1
961,MĘŻCZYŹNI,C1,35-44,2015,300
960,KOBIETY,C1,35-44,2015,6
959,MĘŻCZYŹNI,C,35-44,2015,4159
958,KOBIETY,C,35-44,2015,141
957,KOBIETY,B+E,35-44,2015,149
956,MĘŻCZYŹNI,B+E,35-44,2015,6877
955,MĘŻCZYŹNI,B1,35-44,2015,84
954,KOBIETY,B1,35-44,2015,73
953,MĘŻCZYŹNI,B,35-44,2015,5941
952,KOBIETY,B,35-44,2015,11540
951,MĘŻCZYŹNI,AM,35-44,2015,294
950,KOBIETY,AM,35-44,2015,412
949,MĘŻCZYŹNI,A2,35-44,2015,91
948,KOBIETY,A2,35-44,2015,10
947,KOBIETY,A1,35-44,2015,6
945,KOBIETY,A,35-44,2015,281
924,MĘŻCZYŹNI,B+E,25-34,2015,14593
888,MĘŻCZYŹNI,B1,18-24,2015,2455
922,MĘŻCZYŹNI,B1,25-34,2015,305
898,KOBIETY,C+E,18-24,2015,81
897,MĘŻCZYŹNI,C1+E,18-24,2015,213
896,KOBIETY,C1+E,18-24,2015,5
895,MĘŻCZYŹNI,C1,18-24,2015,949
894,KOBIETY,C1,18-24,2015,9
893,KOBIETY,C,18-24,2015,143
892,MĘŻCZYŹNI,C,18-24,2015,9588
891,KOBIETY,B+E,18-24,2015,180
890,MĘŻCZYŹNI,B+E,18-24,2015,9580
889,KOBIETY,B1,18-24,2015,1049
966,KOBIETY,D,35-44,2015,160
887,MĘŻCZYŹNI,B,18-24,2015,174080
886,KOBIETY,B,18-24,2015,158679
885,KOBIETY,AM,18-24,2015,4580
884,MĘŻCZYŹNI,AM,18-24,2015,8940
883,KOBIETY,A2,18-24,2015,370
882,MĘŻCZYŹNI,A2,18-24,2015,4525
881,KOBIETY,A1,18-24,2015,38
880,MĘŻCZYŹNI,A1,18-24,2015,261
899,MĘŻCZYŹNI,C+E,18-24,2015,6814
923,KOBIETY,B+E,25-34,2015,248
900,KOBIETY,D,18-24,2015,30
902,KOBIETY,D1,18-24,2015,2
921,KOBIETY,B1,25-34,2015,436
920,KOBIETY,B,25-34,2015,37796
919,MĘŻCZYŹNI,B,25-34,2015,22719
918,MĘŻCZYŹNI,AM,25-34,2015,987
917,KOBIETY,AM,25-34,2015,1356
916,KOBIETY,A2,25-34,2015,26
915,MĘŻCZYŹNI,A2,25-34,2015,211
914,MĘŻCZYŹNI,A1,25-34,2015,219
913,KOBIETY,A1,25-34,2015,23
912,MĘŻCZYŹNI,A,25-34,2015,9031
911,KOBIETY,A,25-34,2015,824
910,KOBIETY,U,18-24,2015,11
909,MĘŻCZYŹNI,U,18-24,2015,78
908,KOBIETY,T,18-24,2015,47
907,MĘŻCZYŹNI,T,18-24,2015,2855
906,KOBIETY,D+E,18-24,2015,3
905,MĘŻCZYŹNI,D+E,18-24,2015,199
904,MĘŻCZYŹNI,D1+E,18-24,2015,4
903,MĘŻCZYŹNI,D1,18-24,2015,35
901,MĘŻCZYŹNI,D,18-24,2015,535
967,MĘŻCZYŹNI,D,35-44,2015,1280
1003,MĘŻCZYŹNI,D+E,45-54,2015,308
969,KOBIETY,D1,35-44,2015,6
1033,MĘŻCZYŹNI,T,55-64,2015,21
1032,KOBIETY,D+E,55-64,2015,1
1031,MĘŻCZYŹNI,D+E,55-64,2015,80
1030,MĘŻCZYŹNI,D1+E,55-64,2015,2
1029,MĘŻCZYŹNI,D1,55-64,2015,4
1028,MĘŻCZYŹNI,D,55-64,2015,133
1027,KOBIETY,D,55-64,2015,2
1026,MĘŻCZYŹNI,C+E,55-64,2015,189
1034,KOBIETY,T,55-64,2015,2
1025,KOBIETY,C+E,55-64,2015,1
1023,MĘŻCZYŹNI,C1,55-64,2015,4
1022,KOBIETY,C,55-64,2015,6
1021,MĘŻCZYŹNI,C,55-64,2015,142
1020,MĘŻCZYŹNI,B+E,55-64,2015,404
1019,KOBIETY,B+E,55-64,2015,4
1018,MĘŻCZYŹNI,B1,55-64,2015,8
1017,KOBIETY,B1,55-64,2015,8
1016,KOBIETY,B,55-64,2015,1236
1024,MĘŻCZYŹNI,C1+E,55-64,2015,6
1035,KOBIETY,U,55-64,2015,1
1036,MĘŻCZYŹNI,U,55-64,2015,11
1037,KOBIETY,A,od 65,2015,1
879,KOBIETY,A,18-24,2015,84
1055,MĘŻCZYŹNI,T,od 65,2015,10
1054,MĘŻCZYŹNI,D+E,od 65,2015,2
1053,MĘŻCZYŹNI,D1+E,od 65,2015,1
1052,MĘŻCZYŹNI,D1,od 65,2015,1
1051,MĘŻCZYŹNI,D,od 65,2015,3
1050,MĘŻCZYŹNI,C+E,od 65,2015,4
1049,MĘŻCZYŹNI,C1+E,od 65,2015,1
1048,MĘŻCZYŹNI,C1,od 65,2015,1
1047,MĘŻCZYŹNI,C,od 65,2015,6
1046,MĘŻCZYŹNI,B+E,od 65,2015,40
1045,MĘŻCZYŹNI,B1,od 65,2015,7
1044,KOBIETY,B1,od 65,2015,1
1043,MĘŻCZYŹNI,B,od 65,2015,88
1042,KOBIETY,B,od 65,2015,76
1041,KOBIETY,AM,od 65,2015,2
1040,MĘŻCZYŹNI,AM,od 65,2015,23
1039,KOBIETY,A1,od 65,2015,1
1038,MĘŻCZYŹNI,A,od 65,2015,26
1015,MĘŻCZYŹNI,B,55-64,2015,527
968,MĘŻCZYŹNI,D1,35-44,2015,64
1014,MĘŻCZYŹNI,AM,55-64,2015,69
1012,MĘŻCZYŹNI,A2,55-64,2015,4
987,KOBIETY,B1,45-54,2015,21
986,KOBIETY,B,45-54,2015,3505
985,MĘŻCZYŹNI,B,45-54,2015,1329
984,MĘŻCZYŹNI,AM,45-54,2015,99
983,KOBIETY,AM,45-54,2015,141
982,KOBIETY,A2,45-54,2015,2
981,MĘŻCZYŹNI,A2,45-54,2015,12
980,MĘŻCZYŹNI,A1,45-54,2015,15
988,MĘŻCZYŹNI,B1,45-54,2015,17
979,KOBIETY,A1,45-54,2015,2
977,MĘŻCZYŹNI,A,45-54,2015,568
976,KOBIETY,U,35-44,2015,46
975,MĘŻCZYŹNI,U,35-44,2015,150
974,KOBIETY,T,35-44,2015,7
973,MĘŻCZYŹNI,T,35-44,2015,264
972,MĘŻCZYŹNI,D+E,35-44,2015,847
971,KOBIETY,D+E,35-44,2015,24
970,MĘŻCZYŹNI,D1+E,35-44,2015,39
978,KOBIETY,A,45-54,2015,29
989,MĘŻCZYŹNI,B+E,45-54,2015,1882
990,KOBIETY,B+E,45-54,2015,35
991,MĘŻCZYŹNI,C,45-54,2015,994
1011,MĘŻCZYŹNI,A1,55-64,2015,3
1010,KOBIETY,A,55-64,2015,3
1009,MĘŻCZYŹNI,A,55-64,2015,112
1008,MĘŻCZYŹNI,U,45-54,2015,83
1007,KOBIETY,U,45-54,2015,14
1006,MĘŻCZYŹNI,T,45-54,2015,85
1005,KOBIETY,T,45-54,2015,9
1004,KOBIETY,D+E,45-54,2015,2
1002,MĘŻCZYŹNI,D1+E,45-54,2015,25
1001,KOBIETY,D1,45-54,2015,1
1000,MĘŻCZYŹNI,D1,45-54,2015,28
999,KOBIETY,D,45-54,2015,42
998,MĘŻCZYŹNI,D,45-54,2015,554
997,KOBIETY,C+E,45-54,2015,15
996,MĘŻCZYŹNI,C+E,45-54,2015,1276
995,MĘŻCZYŹNI,C1+E,45-54,2015,58
994,KOBIETY,C1+E,45-54,2015,1
993,MĘŻCZYŹNI,C1,45-54,2015,54
992,KOBIETY,C,45-54,2015,21
1013,KOBIETY,AM,55-64,2015,52
878,MĘŻCZYŹNI,A,18-24,2015,1275
1056,KOBIETY,T,od 65,2015,1
1341,MĘŻCZYŹNI,C1+E,55-64,2016,303
1220,KOBIETY,B,25-34,2016,43997
1219,KOBIETY,B,18-24,2016,161622
1218,KOBIETY,AM,od 65,2016,134
1217,KOBIETY,AM,55-64,2016,1346
1216,KOBIETY,AM,45-54,2016,4573
1215,KOBIETY,AM,35-44,2016,13889
1214,KOBIETY,AM,25-34,2016,37517
1213,KOBIETY,AM,18-24,2016,137470
1212,KOBIETY,A2,od 65,2016,3
1211,KOBIETY,A2,55-64,2016,4
1210,KOBIETY,A2,45-54,2016,45
1209,KOBIETY,A2,35-44,2016,363
1208,KOBIETY,A2,25-34,2016,801
1207,KOBIETY,A2,18-24,2016,466
1206,KOBIETY,A1,od 65,2016,3
1205,KOBIETY,A1,55-64,2016,3
1204,KOBIETY,A1,45-54,2016,48
1203,KOBIETY,A1,35-44,2016,365
1202,KOBIETY,A1,25-34,2016,807
1221,KOBIETY,B,35-44,2016,15878
1222,KOBIETY,B,45-54,2016,5193
1223,KOBIETY,B,55-64,2016,1497
1224,KOBIETY,B,od 65,2016,128
1244,KOBIETY,C1,45-54,2016,24
1243,KOBIETY,C1,35-44,2016,117
1242,KOBIETY,C1,25-34,2016,286
1241,KOBIETY,C1,18-24,2016,138
1240,KOBIETY,C,55-64,2016,2
1239,KOBIETY,C,45-54,2016,28
1238,KOBIETY,C,35-44,2016,132
1237,KOBIETY,C,25-34,2016,311
1236,KOBIETY,C,18-24,2016,143
1201,KOBIETY,A1,18-24,2016,486
1235,KOBIETY,B+E,55-64,2016,7
1233,KOBIETY,B+E,35-44,2016,170
1232,KOBIETY,B+E,25-34,2016,292
1231,KOBIETY,B+E,18-24,2016,213
1230,KOBIETY,B1,od 65,2016,119
1229,KOBIETY,B1,55-64,2016,1312
1228,KOBIETY,B1,45-54,2016,4504
1227,KOBIETY,B1,35-44,2016,13784
1226,KOBIETY,B1,25-34,2016,37382
1225,KOBIETY,B1,18-24,2016,137479
1234,KOBIETY,B+E,45-54,2016,43
1245,KOBIETY,C1,55-64,2016,2
1200,KOBIETY,A,55-64,2016,2
1197,KOBIETY,A,25-34,2016,816
1365,MĘŻCZYŹNI,D1+E,55-64,2016,94
1366,MĘŻCZYŹNI,D1+E,od 65,2016,15
1367,MĘŻCZYŹNI,D+E,18-24,2016,189
1368,MĘŻCZYŹNI,D+E,25-34,2016,1194
1369,MĘŻCZYŹNI,D+E,35-44,2016,857
1370,MĘŻCZYŹNI,D+E,45-54,2016,329
1371,MĘŻCZYŹNI,D+E,55-64,2016,68
1372,MĘŻCZYŹNI,D+E,od 65,2016,4
1373,MĘŻCZYŹNI,T,18-24,2016,11869
1374,MĘŻCZYŹNI,T,25-34,2016,13958
1375,MĘŻCZYŹNI,T,35-44,2016,6354
1376,MĘŻCZYŹNI,T,45-54,2016,1966
1377,MĘŻCZYŹNI,T,55-64,2016,512
1378,MĘŻCZYŹNI,T,od 65,2016,71
1379,MĘŻCZYŹNI,U,18-24,2016,57
1380,MĘŻCZYŹNI,U,25-34,2016,114
1381,MĘŻCZYŹNI,U,35-44,2016,88
1382,MĘŻCZYŹNI,U,45-54,2016,41
1383,MĘŻCZYŹNI,U,55-64,2016,8
1364,MĘŻCZYŹNI,D1+E,45-54,2016,345
1363,MĘŻCZYŹNI,D1+E,35-44,2016,794
1362,MĘŻCZYŹNI,D1+E,25-34,2016,1109
1361,MĘŻCZYŹNI,D1+E,18-24,2016,179
1196,KOBIETY,A,18-24,2016,112
1342,MĘŻCZYŹNI,C1+E,od 65,2016,21
1343,MĘŻCZYŹNI,C+E,18-24,2016,7895
1344,MĘŻCZYŹNI,C+E,25-34,2016,11877
1345,MĘŻCZYŹNI,C+E,35-44,2016,5365
1346,MĘŻCZYŹNI,C+E,45-54,2016,1502
1347,MĘŻCZYŹNI,C+E,55-64,2016,215
1348,MĘŻCZYŹNI,C+E,od 65,2016,5
1349,MĘŻCZYŹNI,D,18-24,2016,514
1199,KOBIETY,A,45-54,2016,46
1350,MĘŻCZYŹNI,D,25-34,2016,2114
1352,MĘŻCZYŹNI,D,45-54,2016,539
1353,MĘŻCZYŹNI,D,55-64,2016,119
1354,MĘŻCZYŹNI,D,od 65,2016,1
1355,MĘŻCZYŹNI,D1,18-24,2016,466
1356,MĘŻCZYŹNI,D1,25-34,2016,1903
1357,MĘŻCZYŹNI,D1,35-44,2016,1131
1358,MĘŻCZYŹNI,D1,45-54,2016,549
1359,MĘŻCZYŹNI,D1,55-64,2016,149
1360,MĘŻCZYŹNI,D1,od 65,2016,13
1351,MĘŻCZYŹNI,D,35-44,2016,1262
1246,KOBIETY,C1+E,18-24,2016,75
1198,KOBIETY,A,35-44,2016,358
1248,KOBIETY,C1+E,35-44,2016,74
1316,MĘŻCZYŹNI,B1,45-54,2016,1750
1315,MĘŻCZYŹNI,B1,35-44,2016,6771
1314,MĘŻCZYŹNI,B1,25-34,2016,22747
1313,MĘŻCZYŹNI,B1,18-24,2016,148570
1312,MĘŻCZYŹNI,B,od 65,2016,133
1311,MĘŻCZYŹNI,B,55-64,2016,577
1310,MĘŻCZYŹNI,B,45-54,2016,1660
1309,MĘŻCZYŹNI,B,35-44,2016,7504
1308,MĘŻCZYŹNI,B,25-34,2016,26305
1317,MĘŻCZYŹNI,B1,55-64,2016,661
1307,MĘŻCZYŹNI,B,18-24,2016,173086
1305,MĘŻCZYŹNI,AM,55-64,2016,845
1304,MĘŻCZYŹNI,AM,45-54,2016,2032
1303,MĘŻCZYŹNI,AM,35-44,2016,7114
1302,MĘŻCZYŹNI,AM,25-34,2016,23207
1301,MĘŻCZYŹNI,AM,18-24,2016,146897
1300,MĘŻCZYŹNI,A2,od 65,2016,86
1299,MĘŻCZYŹNI,A2,55-64,2016,260
1298,MĘŻCZYŹNI,A2,45-54,2016,965
1297,MĘŻCZYŹNI,A2,35-44,2016,4850
1306,MĘŻCZYŹNI,AM,od 65,2016,284
1296,MĘŻCZYŹNI,A2,25-34,2016,9040
1318,MĘŻCZYŹNI,B1,od 65,2016,209
1320,MĘŻCZYŹNI,B+E,25-34,2016,15232
1247,KOBIETY,C1+E,25-34,2016,161
1339,MĘŻCZYŹNI,C1+E,35-44,2016,4976
1338,MĘŻCZYŹNI,C1+E,25-34,2016,10749
1337,MĘŻCZYŹNI,C1+E,18-24,2016,7204
1336,MĘŻCZYŹNI,C1,od 65,2016,27
1335,MĘŻCZYŹNI,C1,55-64,2016,274
1334,MĘŻCZYŹNI,C1,45-54,2016,1210
1333,MĘŻCZYŹNI,C1,35-44,2016,4307
1332,MĘŻCZYŹNI,C1,25-34,2016,11227
1319,MĘŻCZYŹNI,B+E,18-24,2016,10958
1331,MĘŻCZYŹNI,C1,18-24,2016,10383
1329,MĘŻCZYŹNI,C,55-64,2016,146
1328,MĘŻCZYŹNI,C,45-54,2016,1022
1327,MĘŻCZYŹNI,C,35-44,2016,4503
1326,MĘŻCZYŹNI,C,25-34,2016,12136
1325,MĘŻCZYŹNI,C,18-24,2016,11134
1324,MĘŻCZYŹNI,B+E,od 65,2016,52
1323,MĘŻCZYŹNI,B+E,55-64,2016,459
1322,MĘŻCZYŹNI,B+E,45-54,2016,2334
1321,MĘŻCZYŹNI,B+E,35-44,2016,7685
1330,MĘŻCZYŹNI,C,od 65,2016,5
1295,MĘŻCZYŹNI,A2,18-24,2016,5820
1340,MĘŻCZYŹNI,C1+E,45-54,2016,1561
1260,KOBIETY,D,55-64,2016,4
1269,KOBIETY,D1+E,45-54,2016,2
1268,KOBIETY,D1+E,35-44,2016,23
1266,KOBIETY,D1+E,18-24,2016,1
1265,KOBIETY,D1,55-64,2016,3
1264,KOBIETY,D1,45-54,2016,31
1263,KOBIETY,D1,35-44,2016,150
1262,KOBIETY,D1,25-34,2016,167
1261,KOBIETY,D1,18-24,2016,22
1294,MĘŻCZYŹNI,A1,od 65,2016,69
1270,KOBIETY,D+E,18-24,2016,1
1259,KOBIETY,D,45-54,2016,35
1257,KOBIETY,D,25-34,2016,197
1256,KOBIETY,D,18-24,2016,24
1255,KOBIETY,C+E,55-64,2016,2
1254,KOBIETY,C+E,45-54,2016,19
1253,KOBIETY,C+E,35-44,2016,89
1252,KOBIETY,C+E,25-34,2016,176
1251,KOBIETY,C+E,18-24,2016,78
1250,KOBIETY,C1+E,55-64,2016,2
1249,KOBIETY,C1+E,45-54,2016,16
1258,KOBIETY,D,35-44,2016,173
1271,KOBIETY,D+E,25-34,2016,31
1267,KOBIETY,D1+E,25-34,2016,31
1273,KOBIETY,D+E,45-54,2016,3
1293,MĘŻCZYŹNI,A1,55-64,2016,229
1292,MĘŻCZYŹNI,A1,45-54,2016,913
1291,MĘŻCZYŹNI,A1,35-44,2016,4827
1290,MĘŻCZYŹNI,A1,25-34,2016,9024
1289,MĘŻCZYŹNI,A1,18-24,2016,5518
1288,MĘŻCZYŹNI,A,od 65,2016,15
1272,KOBIETY,D+E,35-44,2016,26
1286,MĘŻCZYŹNI,A,45-54,2016,656
1285,MĘŻCZYŹNI,A,35-44,2016,4617
1284,MĘŻCZYŹNI,A,25-34,2016,9123
1287,MĘŻCZYŹNI,A,55-64,2016,114
1282,KOBIETY,U,45-54,2016,8
1281,KOBIETY,U,35-44,2016,23
1280,KOBIETY,U,25-34,2016,31
1279,KOBIETY,U,18-24,2016,11
1278,KOBIETY,T,55-64,2016,10
1277,KOBIETY,T,45-54,2016,41
1276,KOBIETY,T,35-44,2016,147
1275,KOBIETY,T,25-34,2016,269
1283,MĘŻCZYŹNI,A,18-24,2016,1715
1274,KOBIETY,T,18-24,2016,232
557,KOBIETY,D,25-34,2017,199
558,KOBIETY,D,35-44,2017,186
559,KOBIETY,D,45-54,2017,42
560,KOBIETY,D,55-64,2017,3
564,KOBIETY,D1,45-54,2017,44
562,KOBIETY,D1,25-34,2017,199
563,KOBIETY,D1,35-44,2017,186
556,KOBIETY,D,18-24,2017,45
561,KOBIETY,D1,18-24,2017,45
555,KOBIETY,C+E,55-64,2017,2
590,MĘŻCZYŹNI,A,od 65,2017,21
553,KOBIETY,C+E,35-44,2017,152
552,KOBIETY,C+E,25-34,2017,225
551,KOBIETY,C+E,18-24,2017,144
550,KOBIETY,C1+E,55-64,2017,2
549,KOBIETY,C1+E,45-54,2017,33
548,KOBIETY,C1+E,35-44,2017,153
547,KOBIETY,C1+E,25-34,2017,226
546,KOBIETY,C1+E,18-24,2017,144
545,KOBIETY,C1,55-64,2017,1
565,KOBIETY,D1,55-64,2017,3
554,KOBIETY,C+E,45-54,2017,33
566,KOBIETY,D1+E,18-24,2017,9
588,MĘŻCZYŹNI,A,45-54,2017,845
568,KOBIETY,D1+E,35-44,2017,27
589,MĘŻCZYŹNI,A,55-64,2017,146
544,KOBIETY,C1,45-54,2017,42
587,MĘŻCZYŹNI,A,35-44,2017,5308
586,MĘŻCZYŹNI,A,25-34,2017,9717
585,MĘŻCZYŹNI,A,18-24,2017,2230
584,KOBIETY,U,55-64,2017,1
583,KOBIETY,U,45-54,2017,11
582,KOBIETY,U,35-44,2017,27
581,KOBIETY,U,25-34,2017,27
580,KOBIETY,U,18-24,2017,12
579,KOBIETY,T,od 65,2017,2
578,KOBIETY,T,55-64,2017,7
577,KOBIETY,T,45-54,2017,57
576,KOBIETY,T,35-44,2017,245
575,KOBIETY,T,25-34,2017,353
574,KOBIETY,T,18-24,2017,318
573,KOBIETY,D+E,45-54,2017,4
572,KOBIETY,D+E,35-44,2017,27
571,KOBIETY,D+E,25-34,2017,37
570,KOBIETY,D+E,18-24,2017,9
569,KOBIETY,D1+E,45-54,2017,4
567,KOBIETY,D1+E,25-34,2017,36
543,KOBIETY,C1,35-44,2017,229
520,KOBIETY,B,35-44,2017,16526
541,KOBIETY,C1,18-24,2017,238
514,KOBIETY,AM,35-44,2017,16694
513,KOBIETY,AM,25-34,2017,41733
512,KOBIETY,AM,18-24,2017,145393
511,KOBIETY,A2,od 65,2017,4
510,KOBIETY,A2,55-64,2017,8
509,KOBIETY,A2,45-54,2017,70
508,KOBIETY,A2,35-44,2017,465
507,KOBIETY,A2,25-34,2017,929
506,KOBIETY,A2,18-24,2017,521
515,KOBIETY,AM,45-54,2017,5398
505,KOBIETY,A1,od 65,2017,5
503,KOBIETY,A1,45-54,2017,71
502,KOBIETY,A1,35-44,2017,466
501,KOBIETY,A1,25-34,2017,931
500,KOBIETY,A1,18-24,2017,525
499,KOBIETY,A,od 65,2017,1
498,KOBIETY,A,55-64,2017,2
497,KOBIETY,A,45-54,2017,67
495,KOBIETY,A,25-34,2017,931
494,KOBIETY,A,18-24,2017,118
504,KOBIETY,A1,55-64,2017,7
516,KOBIETY,AM,55-64,2017,1687
517,KOBIETY,AM,od 65,2017,178
518,KOBIETY,B,18-24,2017,146122
540,KOBIETY,C,55-64,2017,1
539,KOBIETY,C,45-54,2017,42
538,KOBIETY,C,35-44,2017,226
537,KOBIETY,C,25-34,2017,378
536,KOBIETY,C,18-24,2017,238
535,KOBIETY,B+E,od 65,2017,1
534,KOBIETY,B+E,55-64,2017,6
533,KOBIETY,B+E,45-54,2017,57
532,KOBIETY,B+E,35-44,2017,254
531,KOBIETY,B+E,25-34,2017,339
530,KOBIETY,B+E,18-24,2017,270
529,KOBIETY,B1,od 65,2017,162
528,KOBIETY,B1,55-64,2017,1635
527,KOBIETY,B1,45-54,2017,5340
526,KOBIETY,B1,35-44,2017,16662
525,KOBIETY,B1,25-34,2017,41741
524,KOBIETY,B1,18-24,2017,145886
523,KOBIETY,B,od 65,2017,145
522,KOBIETY,B,55-64,2017,1586
521,KOBIETY,B,45-54,2017,5286
519,KOBIETY,B,25-34,2017,41438
542,KOBIETY,C1,25-34,2017,381
496,KOBIETY,A,35-44,2017,463
591,MĘŻCZYŹNI,A1,18-24,2017,6203
661,MĘŻCZYŹNI,D1,55-64,2017,201
592,MĘŻCZYŹNI,A1,25-34,2017,9692
660,MĘŻCZYŹNI,D1,45-54,2017,648
659,MĘŻCZYŹNI,D1,35-44,2017,1579
658,MĘŻCZYŹNI,D1,25-34,2017,2227
657,MĘŻCZYŹNI,D1,18-24,2017,534
656,MĘŻCZYŹNI,D,od 65,2017,2
655,MĘŻCZYŹNI,D,55-64,2017,156
654,MĘŻCZYŹNI,D,45-54,2017,598
653,MĘŻCZYŹNI,D,35-44,2017,1500
662,MĘŻCZYŹNI,D1,od 65,2017,25
652,MĘŻCZYŹNI,D,25-34,2017,2207
650,MĘŻCZYŹNI,C+E,od 65,2017,9
648,MĘŻCZYŹNI,C+E,45-54,2017,1905
647,MĘŻCZYŹNI,C+E,35-44,2017,6721
646,MĘŻCZYŹNI,C+E,25-34,2017,13815
645,MĘŻCZYŹNI,C+E,18-24,2017,9350
644,MĘŻCZYŹNI,C1+E,od 65,2017,45
643,MĘŻCZYŹNI,C1+E,55-64,2017,378
642,MĘŻCZYŹNI,C1+E,45-54,2017,2034
641,MĘŻCZYŹNI,C1+E,35-44,2017,6959
651,MĘŻCZYŹNI,D,18-24,2017,535
640,MĘŻCZYŹNI,C1+E,25-34,2017,13882
663,MĘŻCZYŹNI,D1+E,18-24,2017,225
665,MĘŻCZYŹNI,D1+E,35-44,2017,1080
685,MĘŻCZYŹNI,U,55-64,2017,11
684,MĘŻCZYŹNI,U,45-54,2017,45
683,MĘŻCZYŹNI,U,35-44,2017,97
682,MĘŻCZYŹNI,U,25-34,2017,144
681,MĘŻCZYŹNI,U,18-24,2017,64
680,MĘŻCZYŹNI,T,od 65,2017,87
679,MĘŻCZYŹNI,T,55-64,2017,495
678,MĘŻCZYŹNI,T,45-54,2017,2223
677,MĘŻCZYŹNI,T,35-44,2017,8667
664,MĘŻCZYŹNI,D1+E,25-34,2017,1279
676,MĘŻCZYŹNI,T,25-34,2017,17308
674,MĘŻCZYŹNI,D+E,od 65,2017,9
673,MĘŻCZYŹNI,D+E,55-64,2017,86
672,MĘŻCZYŹNI,D+E,45-54,2017,390
671,MĘŻCZYŹNI,D+E,35-44,2017,1037
670,MĘŻCZYŹNI,D+E,25-34,2017,1270
669,MĘŻCZYŹNI,D+E,18-24,2017,225
668,MĘŻCZYŹNI,D1+E,od 65,2017,29
667,MĘŻCZYŹNI,D1+E,55-64,2017,132
666,MĘŻCZYŹNI,D1+E,45-54,2017,428
675,MĘŻCZYŹNI,T,18-24,2017,13678
639,MĘŻCZYŹNI,C1+E,18-24,2017,9334
649,MĘŻCZYŹNI,C+E,55-64,2017,290
637,MĘŻCZYŹNI,C1,55-64,2017,333
612,MĘŻCZYŹNI,B,45-54,2017,1898
611,MĘŻCZYŹNI,B,35-44,2017,8499
610,MĘŻCZYŹNI,B,25-34,2017,25798
609,MĘŻCZYŹNI,B,18-24,2017,156947
608,MĘŻCZYŹNI,AM,od 65,2017,279
607,MĘŻCZYŹNI,AM,55-64,2017,857
606,MĘŻCZYŹNI,AM,45-54,2017,2264
638,MĘŻCZYŹNI,C1,od 65,2017,36
604,MĘŻCZYŹNI,AM,25-34,2017,26437
613,MĘŻCZYŹNI,B,55-64,2017,626
603,MĘŻCZYŹNI,AM,18-24,2017,152882
601,MĘŻCZYŹNI,A2,55-64,2017,243
600,MĘŻCZYŹNI,A2,45-54,2017,995
599,MĘŻCZYŹNI,A2,35-44,2017,5574
598,MĘŻCZYŹNI,A2,25-34,2017,9692
597,MĘŻCZYŹNI,A2,18-24,2017,6238
596,MĘŻCZYŹNI,A1,od 65,2017,67
595,MĘŻCZYŹNI,A1,55-64,2017,231
594,MĘŻCZYŹNI,A1,45-54,2017,974
593,MĘŻCZYŹNI,A1,35-44,2017,5572
602,MĘŻCZYŹNI,A2,od 65,2017,77
614,MĘŻCZYŹNI,B,od 65,2017,127
605,MĘŻCZYŹNI,AM,35-44,2017,9071
616,MĘŻCZYŹNI,B1,25-34,2017,26354
615,MĘŻCZYŹNI,B1,18-24,2017,156734
635,MĘŻCZYŹNI,C1,35-44,2017,6378
634,MĘŻCZYŹNI,C1,25-34,2017,15053
633,MĘŻCZYŹNI,C1,18-24,2017,12764
632,MĘŻCZYŹNI,C,od 65,2017,4
631,MĘŻCZYŹNI,C,55-64,2017,222
630,MĘŻCZYŹNI,C,45-54,2017,1463
629,MĘŻCZYŹNI,C,35-44,2017,6041
628,MĘŻCZYŹNI,C,25-34,2017,14900
627,MĘŻCZYŹNI,C,18-24,2017,12779
636,MĘŻCZYŹNI,C1,45-54,2017,1628
625,MĘŻCZYŹNI,B+E,55-64,2017,565
626,MĘŻCZYŹNI,B+E,od 65,2017,58
618,MĘŻCZYŹNI,B1,45-54,2017,2150
619,MĘŻCZYŹNI,B1,55-64,2017,756
620,MĘŻCZYŹNI,B1,od 65,2017,200
617,MĘŻCZYŹNI,B1,35-44,2017,8974
622,MĘŻCZYŹNI,B+E,25-34,2017,17298
623,MĘŻCZYŹNI,B+E,35-44,2017,9449
624,MĘŻCZYŹNI,B+E,45-54,2017,2828
621,MĘŻCZYŹNI,B+E,18-24,2017,12546
1515,MĘŻCZYŹNI,B+E,od 65,2018,74
1508,MĘŻCZYŹNI,B1,55-64,2018,733
1509,MĘŻCZYŹNI,B1,od 65,2018,206
1510,MĘŻCZYŹNI,B+E,18-24,2018,12688
1511,MĘŻCZYŹNI,B+E,25-34,2018,17717
1512,MĘŻCZYŹNI,B+E,35-44,2018,10697
1507,MĘŻCZYŹNI,B1,45-54,2018,2347
1513,MĘŻCZYŹNI,B+E,45-54,2018,3244
1514,MĘŻCZYŹNI,B+E,55-64,2018,581
1516,MĘŻCZYŹNI,C,18-24,2018,12761
1521,MĘŻCZYŹNI,C,od 65,2018,2
1518,MĘŻCZYŹNI,C,35-44,2018,7238
1519,MĘŻCZYŹNI,C,45-54,2018,1868
1520,MĘŻCZYŹNI,C,55-64,2018,246
1522,MĘŻCZYŹNI,C1,18-24,2018,12746
1523,MĘŻCZYŹNI,C1,25-34,2018,15963
1524,MĘŻCZYŹNI,C1,35-44,2018,7447
1525,MĘŻCZYŹNI,C1,45-54,2018,1972
1526,MĘŻCZYŹNI,C1,55-64,2018,320
1506,MĘŻCZYŹNI,B1,35-44,2018,10049
1517,MĘŻCZYŹNI,C,25-34,2018,15823
1505,MĘŻCZYŹNI,B1,25-34,2018,26409
1384,KOBIETY,A,18-24,2018,144
1503,MĘŻCZYŹNI,B,od 65,2018,153
1483,MĘŻCZYŹNI,A1,45-54,2018,1137
1484,MĘŻCZYŹNI,A1,55-64,2018,201
1485,MĘŻCZYŹNI,A1,od 65,2018,46
1486,MĘŻCZYŹNI,A2,18-24,2018,6627
1487,MĘŻCZYŹNI,A2,25-34,2018,10067
1488,MĘŻCZYŹNI,A2,35-44,2018,6333
1489,MĘŻCZYŹNI,A2,45-54,2018,1151
1490,MĘŻCZYŹNI,A2,55-64,2018,201
1491,MĘŻCZYŹNI,A2,od 65,2018,52
1504,MĘŻCZYŹNI,B1,18-24,2018,156248
1492,MĘŻCZYŹNI,AM,18-24,2018,150304
1494,MĘŻCZYŹNI,AM,35-44,2018,10133
1495,MĘŻCZYŹNI,AM,45-54,2018,2377
1496,MĘŻCZYŹNI,AM,55-64,2018,813
1497,MĘŻCZYŹNI,AM,od 65,2018,257
1498,MĘŻCZYŹNI,B,18-24,2018,156644
1499,MĘŻCZYŹNI,B,25-34,2018,25977
1500,MĘŻCZYŹNI,B,35-44,2018,9721
1501,MĘŻCZYŹNI,B,45-54,2018,2197
1502,MĘŻCZYŹNI,B,55-64,2018,655
1493,MĘŻCZYŹNI,AM,25-34,2018,26404
1527,MĘŻCZYŹNI,C1,od 65,2018,31
1574,MĘŻCZYŹNI,U,55-64,2018,7
1529,MĘŻCZYŹNI,C1+E,25-34,2018,14305
1555,MĘŻCZYŹNI,D1+E,45-54,2018,487
1556,MĘŻCZYŹNI,D1+E,55-64,2018,130
1557,MĘŻCZYŹNI,D1+E,od 65,2018,18
1558,MĘŻCZYŹNI,D+E,18-24,2018,178
1559,MĘŻCZYŹNI,D+E,25-34,2018,1180
1560,MĘŻCZYŹNI,D+E,35-44,2018,1184
1561,MĘŻCZYŹNI,D+E,45-54,2018,474
1562,MĘŻCZYŹNI,D+E,55-64,2018,95
1563,MĘŻCZYŹNI,D+E,od 65,2018,6
1554,MĘŻCZYŹNI,D1+E,35-44,2018,1211
1564,MĘŻCZYŹNI,T,18-24,2018,13595
1566,MĘŻCZYŹNI,T,35-44,2018,9897
1567,MĘŻCZYŹNI,T,45-54,2018,2428
1568,MĘŻCZYŹNI,T,55-64,2018,451
1569,MĘŻCZYŹNI,T,od 65,2018,72
1570,MĘŻCZYŹNI,U,18-24,2018,43
1571,MĘŻCZYŹNI,U,25-34,2018,101
1572,MĘŻCZYŹNI,U,35-44,2018,68
1573,MĘŻCZYŹNI,U,45-54,2018,32
1482,MĘŻCZYŹNI,A1,35-44,2018,6324
1565,MĘŻCZYŹNI,T,25-34,2018,17545
1553,MĘŻCZYŹNI,D1+E,25-34,2018,1182
1552,MĘŻCZYŹNI,D1+E,18-24,2018,179
1551,MĘŻCZYŹNI,D1,od 65,2018,14
1530,MĘŻCZYŹNI,C1+E,35-44,2018,7910
1531,MĘŻCZYŹNI,C1+E,45-54,2018,2298
1532,MĘŻCZYŹNI,C1+E,55-64,2018,369
1533,MĘŻCZYŹNI,C1+E,od 65,2018,45
1534,MĘŻCZYŹNI,C+E,18-24,2018,9451
1535,MĘŻCZYŹNI,C+E,25-34,2018,14238
1536,MĘŻCZYŹNI,C+E,35-44,2018,7740
1537,MĘŻCZYŹNI,C+E,45-54,2018,2228
1538,MĘŻCZYŹNI,C+E,55-64,2018,299
1539,MĘŻCZYŹNI,C+E,od 65,2018,18
1540,MĘŻCZYŹNI,D,18-24,2018,409
1541,MĘŻCZYŹNI,D,25-34,2018,2067
1542,MĘŻCZYŹNI,D,35-44,2018,1745
1543,MĘŻCZYŹNI,D,45-54,2018,870
1544,MĘŻCZYŹNI,D,55-64,2018,180
1545,MĘŻCZYŹNI,D,od 65,2018,3
1546,MĘŻCZYŹNI,D1,18-24,2018,409
1547,MĘŻCZYŹNI,D1,25-34,2018,2086
1548,MĘŻCZYŹNI,D1,35-44,2018,1785
1549,MĘŻCZYŹNI,D1,45-54,2018,901
1550,MĘŻCZYŹNI,D1,55-64,2018,216
1528,MĘŻCZYŹNI,C1+E,18-24,2018,9435
1481,MĘŻCZYŹNI,A1,25-34,2018,10051
1433,KOBIETY,C1,35-44,2018,320
1479,MĘŻCZYŹNI,A,od 65,2018,19
1409,KOBIETY,B,25-34,2018,41495
1410,KOBIETY,B,35-44,2018,17755
1411,KOBIETY,B,45-54,2018,6162
1412,KOBIETY,B,55-64,2018,1711
1413,KOBIETY,B,od 65,2018,179
1414,KOBIETY,B1,18-24,2018,148026
1415,KOBIETY,B1,25-34,2018,41686
1416,KOBIETY,B1,35-44,2018,17869
1417,KOBIETY,B1,45-54,2018,6211
1408,KOBIETY,B,18-24,2018,148287
1418,KOBIETY,B1,55-64,2018,1739
1420,KOBIETY,B+E,18-24,2018,334
1421,KOBIETY,B+E,25-34,2018,465
1422,KOBIETY,B+E,35-44,2018,301
1423,KOBIETY,B+E,45-54,2018,82
1424,KOBIETY,B+E,55-64,2018,3
1425,KOBIETY,B+E,od 65,2018,1
1426,KOBIETY,C,18-24,2018,282
1427,KOBIETY,C,25-34,2018,511
1428,KOBIETY,C,35-44,2018,316
1419,KOBIETY,B1,od 65,2018,187
1429,KOBIETY,C,45-54,2018,72
1407,KOBIETY,AM,od 65,2018,217
1405,KOBIETY,AM,45-54,2018,6249
1385,KOBIETY,A,25-34,2018,1042
1386,KOBIETY,A,35-44,2018,490
1387,KOBIETY,A,45-54,2018,71
1388,KOBIETY,A,55-64,2018,2
1389,KOBIETY,A,od 65,2018,1
1390,KOBIETY,A1,18-24,2018,543
1391,KOBIETY,A1,25-34,2018,1040
1392,KOBIETY,A1,35-44,2018,497
1393,KOBIETY,A1,45-54,2018,72
1406,KOBIETY,AM,55-64,2018,1784
1394,KOBIETY,A1,55-64,2018,2
1396,KOBIETY,A2,18-24,2018,539
1397,KOBIETY,A2,25-34,2018,1035
1398,KOBIETY,A2,35-44,2018,496
1399,KOBIETY,A2,45-54,2018,72
1400,KOBIETY,A2,55-64,2018,3
1401,KOBIETY,A2,od 65,2018,5
1402,KOBIETY,AM,18-24,2018,147365
1403,KOBIETY,AM,25-34,2018,41651
1404,KOBIETY,AM,35-44,2018,17925
1395,KOBIETY,A1,od 65,2018,3
1430,KOBIETY,C,55-64,2018,2
1431,KOBIETY,C1,18-24,2018,281
1432,KOBIETY,C1,25-34,2018,513
1459,KOBIETY,D1+E,45-54,2018,8
1460,KOBIETY,D+E,18-24,2018,2
1461,KOBIETY,D+E,25-34,2018,37
1462,KOBIETY,D+E,35-44,2018,35
1463,KOBIETY,D+E,45-54,2018,8
1464,KOBIETY,T,18-24,2018,388
1465,KOBIETY,T,25-34,2018,474
1466,KOBIETY,T,35-44,2018,309
1467,KOBIETY,T,45-54,2018,79
1458,KOBIETY,D1+E,35-44,2018,37
1468,KOBIETY,T,55-64,2018,5
1470,KOBIETY,U,18-24,2018,16
1471,KOBIETY,U,25-34,2018,28
1472,KOBIETY,U,35-44,2018,25
1473,KOBIETY,U,45-54,2018,16
1474,MĘŻCZYŹNI,A,18-24,2018,2879
1475,MĘŻCZYŹNI,A,25-34,2018,10129
1476,MĘŻCZYŹNI,A,35-44,2018,6114
1477,MĘŻCZYŹNI,A,45-54,2018,1051
1478,MĘŻCZYŹNI,A,55-64,2018,161
1469,KOBIETY,T,od 65,2018,5
1457,KOBIETY,D1+E,25-34,2018,37
1456,KOBIETY,D1+E,18-24,2018,2
1455,KOBIETY,D1,55-64,2018,3
1434,KOBIETY,C1,45-54,2018,73
1435,KOBIETY,C1,55-64,2018,2
1436,KOBIETY,C1+E,18-24,2018,177
1437,KOBIETY,C1+E,25-34,2018,327
1438,KOBIETY,C1+E,35-44,2018,218
1439,KOBIETY,C1+E,45-54,2018,51
1440,KOBIETY,C1+E,55-64,2018,3
1442,KOBIETY,C+E,25-34,2018,327
1443,KOBIETY,C+E,35-44,2018,218
1480,MĘŻCZYŹNI,A1,18-24,2018,6327
1444,KOBIETY,C+E,45-54,2018,51
1446,KOBIETY,D,18-24,2018,29
1447,KOBIETY,D,25-34,2018,231
1448,KOBIETY,D,35-44,2018,217
1449,KOBIETY,D,45-54,2018,66
1450,KOBIETY,D,55-64,2018,3
1451,KOBIETY,D1,18-24,2018,29
1452,KOBIETY,D1,25-34,2018,231
1453,KOBIETY,D1,35-44,2018,217
1454,KOBIETY,D1,45-54,2018,68
1445,KOBIETY,C+E,55-64,2018,3
1441,KOBIETY,C+E,18-24,2018,177
769,KOBIETY,T,35-44,2019,439
770,KOBIETY,T,45-54,2019,118
800,MĘŻCZYŹNI,AM,od 65,2019,243
854,MĘŻCZYŹNI,D+E,od 65,2019,5
853,MĘŻCZYŹNI,D+E,55-64,2019,127
852,MĘŻCZYŹNI,D+E,45-54,2019,570
851,MĘŻCZYŹNI,D+E,35-44,2019,1410
850,MĘŻCZYŹNI,D+E,25-34,2019,1455
849,MĘŻCZYŹNI,D+E,18-24,2019,169
848,MĘŻCZYŹNI,D,od 65,2019,4
847,MĘŻCZYŹNI,D,55-64,2019,248
846,MĘŻCZYŹNI,D,45-54,2019,1023
845,MĘŻCZYŹNI,D,35-44,2019,2116
844,MĘŻCZYŹNI,D,25-34,2019,2359
843,MĘŻCZYŹNI,D,18-24,2019,447
842,MĘŻCZYŹNI,C1+E,od 65,2019,24
841,MĘŻCZYŹNI,C1+E,55-64,2019,401
840,MĘŻCZYŹNI,C1+E,45-54,2019,2606
839,MĘŻCZYŹNI,C1+E,35-44,2019,8907
838,MĘŻCZYŹNI,C1+E,25-34,2019,14680
837,MĘŻCZYŹNI,C1+E,18-24,2019,8960
836,MĘŻCZYŹNI,C1,od 65,2019,17
835,MĘŻCZYŹNI,C1,55-64,2019,329
834,MĘŻCZYŹNI,C1,45-54,2019,2497
833,MĘŻCZYŹNI,C1,35-44,2019,8774
832,MĘŻCZYŹNI,C1,25-34,2019,17046
831,MĘŻCZYŹNI,C1,18-24,2019,12153
830,MĘŻCZYŹNI,C+E,od 65,2019,13
855,MĘŻCZYŹNI,D1,18-24,2019,449
829,MĘŻCZYŹNI,C+E,55-64,2019,362
856,MĘŻCZYŹNI,D1,25-34,2019,2364
858,MĘŻCZYŹNI,D1,45-54,2019,1059
762,KOBIETY,D1+E,18-24,2019,6
763,KOBIETY,D1+E,25-34,2019,50
764,KOBIETY,D1+E,35-44,2019,41
765,KOBIETY,D1+E,45-54,2019,12
766,KOBIETY,D1+E,55-64,2019,1
767,KOBIETY,T,18-24,2019,387
768,KOBIETY,T,25-34,2019,523
877,MĘŻCZYŹNI,U,55-64,2019,8
876,MĘŻCZYŹNI,U,45-54,2019,36
875,MĘŻCZYŹNI,U,35-44,2019,63
874,MĘŻCZYŹNI,U,25-34,2019,66
873,MĘŻCZYŹNI,U,18-24,2019,39
872,MĘŻCZYŹNI,T,od 65,2019,45
871,MĘŻCZYŹNI,T,55-64,2019,513
870,MĘŻCZYŹNI,T,45-54,2019,2787
869,MĘŻCZYŹNI,T,35-44,2019,11021
868,MĘŻCZYŹNI,T,25-34,2019,17745
867,MĘŻCZYŹNI,T,18-24,2019,12460
866,MĘŻCZYŹNI,D1+E,od 65,2019,14
865,MĘŻCZYŹNI,D1+E,55-64,2019,151
864,MĘŻCZYŹNI,D1+E,45-54,2019,583
863,MĘŻCZYŹNI,D1+E,35-44,2019,1433
862,MĘŻCZYŹNI,D1+E,25-34,2019,1465
860,MĘŻCZYŹNI,D1,od 65,2019,14
859,MĘŻCZYŹNI,D1,55-64,2019,271
857,MĘŻCZYŹNI,D1,35-44,2019,2153
761,KOBIETY,D1,55-64,2019,3
828,MĘŻCZYŹNI,C+E,45-54,2019,2544
826,MĘŻCZYŹNI,C+E,25-34,2019,14633
795,MĘŻCZYŹNI,AM,18-24,2019,137871
794,MĘŻCZYŹNI,A2,od 65,2019,61
793,MĘŻCZYŹNI,A2,55-64,2019,232
792,MĘŻCZYŹNI,A2,45-54,2019,1502
791,MĘŻCZYŹNI,A2,35-44,2019,7226
790,MĘŻCZYŹNI,A2,25-34,2019,10511
789,MĘŻCZYŹNI,A2,18-24,2019,6885
788,MĘŻCZYŹNI,A1,od 65,2019,48
787,MĘŻCZYŹNI,A1,55-64,2019,215
786,MĘŻCZYŹNI,A1,45-54,2019,1475
785,MĘŻCZYŹNI,A1,35-44,2019,7198
784,MĘŻCZYŹNI,A1,25-34,2019,10524
783,MĘŻCZYŹNI,A1,18-24,2019,6249
782,MĘŻCZYŹNI,A,od 65,2019,16
781,MĘŻCZYŹNI,A,55-64,2019,171
780,MĘŻCZYŹNI,A,45-54,2019,1383
779,MĘŻCZYŹNI,A,35-44,2019,7024
778,MĘŻCZYŹNI,A,25-34,2019,10720
777,MĘŻCZYŹNI,A,18-24,2019,3607
776,KOBIETY,U,45-54,2019,8
775,KOBIETY,U,35-44,2019,29
774,KOBIETY,U,25-34,2019,20
773,KOBIETY,U,18-24,2019,11
772,KOBIETY,T,od 65,2019,1
771,KOBIETY,T,55-64,2019,16
796,MĘŻCZYŹNI,AM,25-34,2019,22670
827,MĘŻCZYŹNI,C+E,35-44,2019,8793
797,MĘŻCZYŹNI,AM,35-44,2019,9596
799,MĘŻCZYŹNI,AM,55-64,2019,861
825,MĘŻCZYŹNI,C+E,18-24,2019,8962
824,MĘŻCZYŹNI,C,od 65,2019,6
823,MĘŻCZYŹNI,C,55-64,2019,275
822,MĘŻCZYŹNI,C,45-54,2019,2411
821,MĘŻCZYŹNI,C,35-44,2019,8591
820,MĘŻCZYŹNI,C,25-34,2019,16950
819,MĘŻCZYŹNI,C,18-24,2019,12159
818,MĘŻCZYŹNI,B1,od 65,2019,172
817,MĘŻCZYŹNI,B1,55-64,2019,751
816,MĘŻCZYŹNI,B1,45-54,2019,2297
815,MĘŻCZYŹNI,B1,35-44,2019,9396
814,MĘŻCZYŹNI,B1,25-34,2019,22558
813,MĘŻCZYŹNI,B1,18-24,2019,143974
812,MĘŻCZYŹNI,B+E,od 65,2019,51
811,MĘŻCZYŹNI,B+E,55-64,2019,660
810,MĘŻCZYŹNI,B+E,45-54,2019,3634
809,MĘŻCZYŹNI,B+E,35-44,2019,11686
808,MĘŻCZYŹNI,B+E,25-34,2019,17827
807,MĘŻCZYŹNI,B+E,18-24,2019,11847
806,MĘŻCZYŹNI,B,od 65,2019,128
805,MĘŻCZYŹNI,B,55-64,2019,682
804,MĘŻCZYŹNI,B,45-54,2019,2124
803,MĘŻCZYŹNI,B,35-44,2019,9096
802,MĘŻCZYŹNI,B,25-34,2019,22165
801,MĘŻCZYŹNI,B,18-24,2019,144520
798,MĘŻCZYŹNI,AM,45-54,2019,2396
760,KOBIETY,D1,45-54,2019,99
861,MĘŻCZYŹNI,D1+E,18-24,2019,170
758,KOBIETY,D1,25-34,2019,209
705,KOBIETY,AM,25-34,2019,32488
706,KOBIETY,AM,35-44,2019,15749
707,KOBIETY,AM,45-54,2019,5805
708,KOBIETY,AM,55-64,2019,1881
709,KOBIETY,AM,od 65,2019,203
710,KOBIETY,B,18-24,2019,129324
711,KOBIETY,B,25-34,2019,32265
712,KOBIETY,B,35-44,2019,15560
713,KOBIETY,B,45-54,2019,5705
714,KOBIETY,B,55-64,2019,1806
715,KOBIETY,B,od 65,2019,163
716,KOBIETY,B+E,18-24,2019,334
717,KOBIETY,B+E,25-34,2019,518
718,KOBIETY,B+E,35-44,2019,433
719,KOBIETY,B+E,45-54,2019,120
704,KOBIETY,AM,18-24,2019,128405
720,KOBIETY,B+E,55-64,2019,9
703,KOBIETY,A2,od 65,2019,7
701,KOBIETY,A2,45-54,2019,133
759,KOBIETY,D1,35-44,2019,254
686,KOBIETY,A,18-24,2019,172
687,KOBIETY,A,25-34,2019,1055
688,KOBIETY,A,35-44,2019,606
689,KOBIETY,A,45-54,2019,133
690,KOBIETY,A,55-64,2019,9
691,KOBIETY,A,od 65,2019,2
692,KOBIETY,A1,18-24,2019,550
693,KOBIETY,A1,25-34,2019,1054
694,KOBIETY,A1,35-44,2019,608
695,KOBIETY,A1,45-54,2019,133
696,KOBIETY,A1,55-64,2019,8
697,KOBIETY,A1,od 65,2019,4
698,KOBIETY,A2,18-24,2019,562
699,KOBIETY,A2,25-34,2019,1040
702,KOBIETY,A2,55-64,2019,8
721,KOBIETY,B1,18-24,2019,128949
700,KOBIETY,A2,35-44,2019,609
723,KOBIETY,B1,35-44,2019,15681
743,KOBIETY,C1+E,25-34,2019,399
744,KOBIETY,C1+E,35-44,2019,304
745,KOBIETY,C1+E,45-54,2019,81
746,KOBIETY,C1+E,55-64,2019,4
747,KOBIETY,D,18-24,2019,32
748,KOBIETY,D,25-34,2019,208
750,KOBIETY,D,45-54,2019,98
751,KOBIETY,D,55-64,2019,3
752,KOBIETY,D+E,18-24,2019,6
753,KOBIETY,D+E,25-34,2019,51
754,KOBIETY,D+E,35-44,2019,41
755,KOBIETY,D+E,45-54,2019,12
756,KOBIETY,D+E,55-64,2019,1
722,KOBIETY,B1,25-34,2019,32433
757,KOBIETY,D1,18-24,2019,32
742,KOBIETY,C1+E,18-24,2019,214
741,KOBIETY,C1,55-64,2019,9
749,KOBIETY,D,35-44,2019,252
739,KOBIETY,C1,35-44,2019,453
725,KOBIETY,B1,55-64,2019,1827
740,KOBIETY,C1,45-54,2019,96
726,KOBIETY,B1,od 65,2019,173
727,KOBIETY,C,18-24,2019,337
728,KOBIETY,C,25-34,2019,593
730,KOBIETY,C,45-54,2019,95
731,KOBIETY,C,55-64,2019,8
732,KOBIETY,C+E,18-24,2019,214
729,KOBIETY,C,35-44,2019,452
733,KOBIETY,C+E,25-34,2019,400
738,KOBIETY,C1,25-34,2019,594
737,KOBIETY,C1,18-24,2019,337
736,KOBIETY,C+E,55-64,2019,4
724,KOBIETY,B1,45-54,2019,5749
734,KOBIETY,C+E,35-44,2019,304
735,KOBIETY,C+E,45-54,2019,80
241,MĘŻCZYŹNI,A,25-34,2020,9687
235,KOBIETY,T,od 65,2020,3
234,KOBIETY,T,55-64,2020,3
232,KOBIETY,T,35-44,2020,338
237,KOBIETY,U,25-34,2020,15
233,KOBIETY,T,45-54,2020,92
238,KOBIETY,U,35-44,2020,17
239,KOBIETY,U,45-54,2020,4
240,MĘŻCZYŹNI,A,18-24,2020,3062
236,KOBIETY,U,18-24,2020,10
247,MĘŻCZYŹNI,A1,25-34,2020,9345
243,MĘŻCZYŹNI,A,45-54,2020,1388
244,MĘŻCZYŹNI,A,55-64,2020,139
245,MĘŻCZYŹNI,A,od 65,2020,9
246,MĘŻCZYŹNI,A1,18-24,2020,5006
248,MĘŻCZYŹNI,A1,35-44,2020,6639
249,MĘŻCZYŹNI,A1,45-54,2020,1500
231,KOBIETY,T,25-34,2020,431
251,MĘŻCZYŹNI,A1,od 65,2020,35
250,MĘŻCZYŹNI,A1,55-64,2020,197
242,MĘŻCZYŹNI,A,35-44,2020,6477
230,KOBIETY,T,18-24,2020,365
213,KOBIETY,D,45-54,2020,77
228,KOBIETY,D1+E,45-54,2020,11
208,KOBIETY,C1+E,45-54,2020,64
252,MĘŻCZYŹNI,A2,18-24,2020,5811
209,KOBIETY,C1+E,55-64,2020,2
210,KOBIETY,D,18-24,2020,22
211,KOBIETY,D,25-34,2020,167
212,KOBIETY,D,35-44,2020,189
214,KOBIETY,D,55-64,2020,5
215,KOBIETY,D+E,18-24,2020,6
216,KOBIETY,D+E,25-34,2020,53
229,KOBIETY,D1+E,55-64,2020,2
217,KOBIETY,D+E,35-44,2020,54
219,KOBIETY,D+E,55-64,2020,1
220,KOBIETY,D1,18-24,2020,22
221,KOBIETY,D1,25-34,2020,167
222,KOBIETY,D1,35-44,2020,190
223,KOBIETY,D1,45-54,2020,77
224,KOBIETY,D1,55-64,2020,5
225,KOBIETY,D1+E,18-24,2020,6
226,KOBIETY,D1+E,25-34,2020,53
227,KOBIETY,D1+E,35-44,2020,56
218,KOBIETY,D+E,45-54,2020,11
253,MĘŻCZYŹNI,A2,25-34,2020,9374
268,MĘŻCZYŹNI,B,55-64,2020,450
255,MĘŻCZYŹNI,A2,45-54,2020,1517
277,MĘŻCZYŹNI,B1,25-34,2020,15751
276,MĘŻCZYŹNI,B1,18-24,2020,117792
275,MĘŻCZYŹNI,B+E,od 65,2020,68
274,MĘŻCZYŹNI,B+E,55-64,2020,535
273,MĘŻCZYŹNI,B+E,45-54,2020,3128
272,MĘŻCZYŹNI,B+E,35-44,2020,9265
271,MĘŻCZYŹNI,B+E,25-34,2020,13073
258,MĘŻCZYŹNI,AM,18-24,2020,111541
270,MĘŻCZYŹNI,B+E,18-24,2020,9054
278,MĘŻCZYŹNI,B1,35-44,2020,6996
269,MĘŻCZYŹNI,B,od 65,2020,109
266,MĘŻCZYŹNI,B,35-44,2020,6724
265,MĘŻCZYŹNI,B,25-34,2020,15467
264,MĘŻCZYŹNI,B,18-24,2020,118301
263,MĘŻCZYŹNI,AM,od 65,2020,159
262,MĘŻCZYŹNI,AM,55-64,2020,584
261,MĘŻCZYŹNI,AM,45-54,2020,1894
260,MĘŻCZYŹNI,AM,35-44,2020,7016
259,MĘŻCZYŹNI,AM,25-34,2020,15773
207,KOBIETY,C1+E,35-44,2020,246
267,MĘŻCZYŹNI,B,45-54,2020,1712
254,MĘŻCZYŹNI,A2,35-44,2020,6648
279,MĘŻCZYŹNI,B1,45-54,2020,1856
281,MĘŻCZYŹNI,B1,od 65,2020,132
256,MĘŻCZYŹNI,A2,55-64,2020,208
257,MĘŻCZYŹNI,A2,od 65,2020,37
299,MĘŻCZYŹNI,C1,od 65,2020,17
298,MĘŻCZYŹNI,C1,55-64,2020,352
297,MĘŻCZYŹNI,C1,45-54,2020,2148
296,MĘŻCZYŹNI,C1,35-44,2020,6732
295,MĘŻCZYŹNI,C1,25-34,2020,12611
294,MĘŻCZYŹNI,C1,18-24,2020,9104
293,MĘŻCZYŹNI,C+E,od 65,2020,18
280,MĘŻCZYŹNI,B1,55-64,2020,528
292,MĘŻCZYŹNI,C+E,55-64,2020,260
290,MĘŻCZYŹNI,C+E,35-44,2020,6644
289,MĘŻCZYŹNI,C+E,25-34,2020,10587
288,MĘŻCZYŹNI,C+E,18-24,2020,6754
287,MĘŻCZYŹNI,C,od 65,2020,6
286,MĘŻCZYŹNI,C,55-64,2020,223
285,MĘŻCZYŹNI,C,45-54,2020,2061
284,MĘŻCZYŹNI,C,35-44,2020,6620
283,MĘŻCZYŹNI,C,25-34,2020,12523
282,MĘŻCZYŹNI,C,18-24,2020,9106
291,MĘŻCZYŹNI,C+E,45-54,2020,2127
206,KOBIETY,C1+E,25-34,2020,316
300,MĘŻCZYŹNI,C1+E,18-24,2020,6746
204,KOBIETY,C1,45-54,2020,98
325,MĘŻCZYŹNI,D1+E,25-34,2020,1172
326,MĘŻCZYŹNI,D1+E,35-44,2020,1279
327,MĘŻCZYŹNI,D1+E,45-54,2020,557
328,MĘŻCZYŹNI,D1+E,55-64,2020,188
329,MĘŻCZYŹNI,D1+E,od 65,2020,15
330,MĘŻCZYŹNI,T,18-24,2020,9262
331,MĘŻCZYŹNI,T,25-34,2020,12928
332,MĘŻCZYŹNI,T,35-44,2020,8855
333,MĘŻCZYŹNI,T,45-54,2020,2515
324,MĘŻCZYŹNI,D1+E,18-24,2020,146
334,MĘŻCZYŹNI,T,55-64,2020,511
336,MĘŻCZYŹNI,U,18-24,2020,40
337,MĘŻCZYŹNI,U,25-34,2020,53
338,MĘŻCZYŹNI,U,35-44,2020,49
339,MĘŻCZYŹNI,U,45-54,2020,21
340,MĘŻCZYŹNI,U,55-64,2020,7
152,KOBIETY,A,18-24,2020,171
153,KOBIETY,A,25-34,2020,948
154,KOBIETY,A,35-44,2020,529
155,KOBIETY,A,45-54,2020,103
205,KOBIETY,C1+E,18-24,2020,203
156,KOBIETY,A,55-64,2020,7
323,MĘŻCZYŹNI,D1,od 65,2020,13
321,MĘŻCZYŹNI,D1,45-54,2020,796
301,MĘŻCZYŹNI,C1+E,25-34,2020,10634
302,MĘŻCZYŹNI,C1+E,35-44,2020,6714
303,MĘŻCZYŹNI,C1+E,45-54,2020,2201
304,MĘŻCZYŹNI,C1+E,55-64,2020,394
305,MĘŻCZYŹNI,C1+E,od 65,2020,28
306,MĘŻCZYŹNI,D,18-24,2020,298
307,MĘŻCZYŹNI,D,25-34,2020,1702
308,MĘŻCZYŹNI,D,35-44,2020,1588
309,MĘŻCZYŹNI,D,45-54,2020,777
322,MĘŻCZYŹNI,D1,55-64,2020,253
310,MĘŻCZYŹNI,D,55-64,2020,181
312,MĘŻCZYŹNI,D+E,18-24,2020,147
313,MĘŻCZYŹNI,D+E,25-34,2020,1165
314,MĘŻCZYŹNI,D+E,35-44,2020,1280
315,MĘŻCZYŹNI,D+E,45-54,2020,543
316,MĘŻCZYŹNI,D+E,55-64,2020,120
317,MĘŻCZYŹNI,D+E,od 65,2020,11
318,MĘŻCZYŹNI,D1,18-24,2020,299
319,MĘŻCZYŹNI,D1,25-34,2020,1709
320,MĘŻCZYŹNI,D1,35-44,2020,1608
311,MĘŻCZYŹNI,D,od 65,2020,6
157,KOBIETY,A1,18-24,2020,473
335,MĘŻCZYŹNI,T,od 65,2020,51
159,KOBIETY,A1,35-44,2020,525
184,KOBIETY,B+E,55-64,2020,4
185,KOBIETY,B+E,od 65,2020,1
186,KOBIETY,B1,18-24,2020,107330
187,KOBIETY,B1,25-34,2020,22410
188,KOBIETY,B1,35-44,2020,10548
189,KOBIETY,B1,45-54,2020,3950
190,KOBIETY,B1,55-64,2020,1228
191,KOBIETY,B1,od 65,2020,119
192,KOBIETY,C,18-24,2020,302
183,KOBIETY,B+E,45-54,2020,97
158,KOBIETY,A1,25-34,2020,926
195,KOBIETY,C,45-54,2020,94
196,KOBIETY,C+E,18-24,2020,203
197,KOBIETY,C+E,25-34,2020,317
198,KOBIETY,C+E,35-44,2020,245
199,KOBIETY,C+E,45-54,2020,63
200,KOBIETY,C+E,55-64,2020,2
201,KOBIETY,C1,18-24,2020,302
202,KOBIETY,C1,25-34,2020,485
203,KOBIETY,C1,35-44,2020,378
194,KOBIETY,C,35-44,2020,370
182,KOBIETY,B+E,35-44,2020,338
193,KOBIETY,C,25-34,2020,485
180,KOBIETY,B+E,18-24,2020,341
160,KOBIETY,A1,45-54,2020,102
181,KOBIETY,B+E,25-34,2020,427
161,KOBIETY,A1,55-64,2020,7
162,KOBIETY,A2,18-24,2020,496
163,KOBIETY,A2,25-34,2020,924
165,KOBIETY,A2,45-54,2020,103
166,KOBIETY,A2,55-64,2020,7
167,KOBIETY,A2,od 65,2020,1
168,KOBIETY,AM,18-24,2020,106673
169,KOBIETY,AM,25-34,2020,22375
164,KOBIETY,A2,35-44,2020,526
171,KOBIETY,AM,45-54,2020,3958
172,KOBIETY,AM,55-64,2020,1231
173,KOBIETY,AM,od 65,2020,129
174,KOBIETY,B,18-24,2020,107593
175,KOBIETY,B,25-34,2020,22255
176,KOBIETY,B,35-44,2020,10412
177,KOBIETY,B,45-54,2020,3911
170,KOBIETY,AM,35-44,2020,10549
178,KOBIETY,B,55-64,2020,1204
179,KOBIETY,B,od 65,2020,104
1760,MĘŻCZYŹNI,D1+E,55-64,2021,118
1759,MĘŻCZYŹNI,D1+E,45-54,2021,620
1758,MĘŻCZYŹNI,D1+E,35-44,2021,1312
1757,MĘŻCZYŹNI,D1+E,25-34,2021,1155
1753,MĘŻCZYŹNI,D1,45-54,2021,723
1755,MĘŻCZYŹNI,D1,od 65,2021,6
1754,MĘŻCZYŹNI,D1,55-64,2021,146
1752,MĘŻCZYŹNI,D1,35-44,2021,1419
1751,MĘŻCZYŹNI,D1,25-34,2021,1410
1761,MĘŻCZYŹNI,D1+E,od 65,2021,10
1756,MĘŻCZYŹNI,D1+E,18-24,2021,120
1762,MĘŻCZYŹNI,DE,45-54,2021,2
1772,MĘŻCZYŹNI,U,45-54,2021,24
1764,MĘŻCZYŹNI,T,25-34,2021,15231
1765,MĘŻCZYŹNI,T,35-44,2021,11101
1766,MĘŻCZYŹNI,T,45-54,2021,3582
1767,MĘŻCZYŹNI,T,55-64,2021,533
1768,MĘŻCZYŹNI,T,od 65,2021,68
1769,MĘŻCZYŹNI,U,18-24,2021,44
1770,MĘŻCZYŹNI,U,25-34,2021,59
1771,MĘŻCZYŹNI,U,35-44,2021,59
1773,MĘŻCZYŹNI,U,55-64,2021,5
1774,MĘŻCZYŹNI,U,od 65,2021,1
1750,MĘŻCZYŹNI,D1,18-24,2021,229
1763,MĘŻCZYŹNI,T,18-24,2021,11161
1749,MĘŻCZYŹNI,D+E,od 65,2021,7
1728,MĘŻCZYŹNI,C1,od 65,2021,19
1747,MĘŻCZYŹNI,D+E,45-54,2021,603
1635,KOBIETY,C1+E,45-54,2021,107
1634,KOBIETY,C1+E,35-44,2021,344
1633,KOBIETY,C1+E,25-34,2021,439
1632,KOBIETY,C1+E,18-24,2021,324
1631,KOBIETY,C1,55-64,2021,6
1630,KOBIETY,C1,45-54,2021,146
1629,KOBIETY,C1,35-44,2021,524
1628,KOBIETY,C1,25-34,2021,690
1627,KOBIETY,C1,18-24,2021,489
1626,KOBIETY,C+E,55-64,2021,5
1625,KOBIETY,C+E,45-54,2021,107
1624,KOBIETY,C+E,35-44,2021,344
1623,KOBIETY,C+E,25-34,2021,440
1622,KOBIETY,C+E,18-24,2021,325
1621,KOBIETY,C,55-64,2021,5
1620,KOBIETY,C,45-54,2021,142
1619,KOBIETY,C,35-44,2021,523
1636,KOBIETY,C1+E,55-64,2021,5
1637,KOBIETY,D,18-24,2021,26
1638,KOBIETY,D,25-34,2021,171
1639,KOBIETY,D,35-44,2021,163
1657,KOBIETY,T,18-24,2021,568
1656,KOBIETY,D1+E,55-64,2021,2
1655,KOBIETY,D1+E,45-54,2021,20
1654,KOBIETY,D1+E,35-44,2021,54
1653,KOBIETY,D1+E,25-34,2021,49
1652,KOBIETY,D1+E,18-24,2021,3
1651,KOBIETY,D1,55-64,2021,5
1650,KOBIETY,D1,45-54,2021,63
1618,KOBIETY,C,25-34,2021,690
1649,KOBIETY,D1,35-44,2021,165
1647,KOBIETY,D1,18-24,2021,26
1646,KOBIETY,D+E,55-64,2021,2
1645,KOBIETY,D+E,45-54,2021,20
1644,KOBIETY,D+E,35-44,2021,54
1643,KOBIETY,D+E,25-34,2021,48
1642,KOBIETY,D+E,18-24,2021,3
1641,KOBIETY,D,55-64,2021,5
1640,KOBIETY,D,45-54,2021,62
1648,KOBIETY,D1,25-34,2021,173
1617,KOBIETY,C,18-24,2021,490
1616,KOBIETY,B1,od 65,2021,160
1615,KOBIETY,B1,55-64,2021,1461
1591,KOBIETY,A2,55-64,2021,11
1590,KOBIETY,A2,45-54,2021,183
1589,KOBIETY,A2,35-44,2021,728
1588,KOBIETY,A2,25-34,2021,1347
1587,KOBIETY,A2,18-24,2021,669
1586,KOBIETY,A1,od 65,2021,2
1585,KOBIETY,A1,55-64,2021,12
1584,KOBIETY,A1,45-54,2021,181
1592,KOBIETY,A2,od 65,2021,2
1583,KOBIETY,A1,35-44,2021,727
1581,KOBIETY,A1,18-24,2021,654
1580,KOBIETY,A,od 65,2021,1
1579,KOBIETY,A,55-64,2021,10
1578,KOBIETY,A,45-54,2021,178
1577,KOBIETY,A,35-44,2021,724
1576,KOBIETY,A,25-34,2021,1369
1575,KOBIETY,A,18-24,2021,207
1748,MĘŻCZYŹNI,D+E,55-64,2021,101
1582,KOBIETY,A1,25-34,2021,1349
1658,KOBIETY,T,25-34,2021,600
1593,KOBIETY,AM,18-24,2021,139084
1595,KOBIETY,AM,35-44,2021,14213
1614,KOBIETY,B1,45-54,2021,5301
1612,KOBIETY,B1,25-34,2021,31099
1611,KOBIETY,B1,18-24,2021,139877
1610,KOBIETY,B+E,od 65,2021,1
1609,KOBIETY,B+E,55-64,2021,5
1608,KOBIETY,B+E,45-54,2021,147
1607,KOBIETY,B+E,35-44,2021,525
1606,KOBIETY,B+E,25-34,2021,582
1594,KOBIETY,AM,25-34,2021,31048
1605,KOBIETY,B+E,18-24,2021,517
1603,KOBIETY,B,55-64,2021,1437
1602,KOBIETY,B,45-54,2021,5240
1601,KOBIETY,B,35-44,2021,14050
1600,KOBIETY,B,25-34,2021,30862
1599,KOBIETY,B,18-24,2021,140117
1598,KOBIETY,AM,od 65,2021,168
1597,KOBIETY,AM,55-64,2021,1477
1596,KOBIETY,AM,45-54,2021,5319
1604,KOBIETY,B,od 65,2021,151
1659,KOBIETY,T,35-44,2021,524
1613,KOBIETY,B1,35-44,2021,14213
1661,KOBIETY,T,55-64,2021,6
1723,MĘŻCZYŹNI,C1,18-24,2021,10815
1722,MĘŻCZYŹNI,C+E,od 65,2021,13
1721,MĘŻCZYŹNI,C+E,55-64,2021,372
1720,MĘŻCZYŹNI,C+E,45-54,2021,2661
1719,MĘŻCZYŹNI,C+E,35-44,2021,7692
1718,MĘŻCZYŹNI,C+E,25-34,2021,12272
1717,MĘŻCZYŹNI,C+E,18-24,2021,7732
1716,MĘŻCZYŹNI,C,od 65,2021,13
1724,MĘŻCZYŹNI,C1,25-34,2021,15198
1715,MĘŻCZYŹNI,C,55-64,2021,296
1713,MĘŻCZYŹNI,C,35-44,2021,7891
1712,MĘŻCZYŹNI,C,25-34,2021,15164
1711,MĘŻCZYŹNI,C,18-24,2021,10824
1710,MĘŻCZYŹNI,BE,35-44,2021,3
1709,MĘŻCZYŹNI,BE,25-34,2021,1
1708,MĘŻCZYŹNI,B1,od 65,2021,171
1707,MĘŻCZYŹNI,B1,55-64,2021,624
1706,MĘŻCZYŹNI,B1,45-54,2021,2576
1714,MĘŻCZYŹNI,C,45-54,2021,2615
1705,MĘŻCZYŹNI,B1,35-44,2021,9003
1726,MĘŻCZYŹNI,C1,45-54,2021,2701
1729,MĘŻCZYŹNI,C1+E,18-24,2021,7723
1746,MĘŻCZYŹNI,D+E,35-44,2021,1303
1660,KOBIETY,T,45-54,2021,142
1745,MĘŻCZYŹNI,D+E,25-34,2021,1145
1744,MĘŻCZYŹNI,D+E,18-24,2021,119
1743,MĘŻCZYŹNI,D,od 65,2021,4
1742,MĘŻCZYŹNI,D,55-64,2021,122
1741,MĘŻCZYŹNI,D,45-54,2021,695
1740,MĘŻCZYŹNI,D,35-44,2021,1403
1727,MĘŻCZYŹNI,C1,55-64,2021,351
1739,MĘŻCZYŹNI,D,25-34,2021,1397
1737,MĘŻCZYŹNI,CE,35-44,2021,1
1736,MĘŻCZYŹNI,CE,25-34,2021,1
1735,MĘŻCZYŹNI,C1E,25-34,2021,1
1734,MĘŻCZYŹNI,C1+E,od 65,2021,16
1733,MĘŻCZYŹNI,C1+E,55-64,2021,418
1732,MĘŻCZYŹNI,C1+E,45-54,2021,2718
1731,MĘŻCZYŹNI,C1+E,35-44,2021,7758
1730,MĘŻCZYŹNI,C1+E,25-34,2021,12284
1738,MĘŻCZYŹNI,D,18-24,2021,228
1704,MĘŻCZYŹNI,B1,25-34,2021,20383
1725,MĘŻCZYŹNI,C1,35-44,2021,8022
1702,MĘŻCZYŹNI,B+E,od 65,2021,58
1680,MĘŻCZYŹNI,A2,25-34,2021,11936
1679,MĘŻCZYŹNI,A2,18-24,2021,6549
1678,MĘŻCZYŹNI,A1,od 65,2021,44
1677,MĘŻCZYŹNI,A1,55-64,2021,258
1676,MĘŻCZYŹNI,A1,45-54,2021,2273
1675,MĘŻCZYŹNI,A1,35-44,2021,8310
1674,MĘŻCZYŹNI,A1,25-34,2021,11860
1672,MĘŻCZYŹNI,A,od 65,2021,28
1671,MĘŻCZYŹNI,A,55-64,2021,222
1670,MĘŻCZYŹNI,A,45-54,2021,2163
1669,MĘŻCZYŹNI,A,35-44,2021,8131
1668,MĘŻCZYŹNI,A,25-34,2021,12474
1667,MĘŻCZYŹNI,A,18-24,2021,3288
1666,KOBIETY,U,45-54,2021,8
1665,KOBIETY,U,35-44,2021,22
1664,KOBIETY,U,25-34,2021,24
1703,MĘŻCZYŹNI,B1,18-24,2021,149019
1663,KOBIETY,U,18-24,2021,7
1662,KOBIETY,T,od 65,2021,5
1681,MĘŻCZYŹNI,A2,35-44,2021,8330
1682,MĘŻCZYŹNI,A2,45-54,2021,2295
1673,MĘŻCZYŹNI,A1,18-24,2021,5611
1683,MĘŻCZYŹNI,A2,55-64,2021,266
1701,MĘŻCZYŹNI,B+E,55-64,2021,735
1699,MĘŻCZYŹNI,B+E,35-44,2021,11553
1698,MĘŻCZYŹNI,B+E,25-34,2021,15395
1697,MĘŻCZYŹNI,B+E,18-24,2021,10596
1696,MĘŻCZYŹNI,B,od 65,2021,130
1695,MĘŻCZYŹNI,B,55-64,2021,554
1694,MĘŻCZYŹNI,B,45-54,2021,2431
1693,MĘŻCZYŹNI,B,35-44,2021,8719
1692,MĘŻCZYŹNI,B,25-34,2021,20041
1700,MĘŻCZYŹNI,B+E,45-54,2021,4384
1684,MĘŻCZYŹNI,A2,od 65,2021,47
1690,MĘŻCZYŹNI,AM,od 65,2021,195
1689,MĘŻCZYŹNI,AM,55-64,2021,641
1688,MĘŻCZYŹNI,AM,45-54,2021,2609
1687,MĘŻCZYŹNI,AM,35-44,2021,9076
1686,MĘŻCZYŹNI,AM,25-34,2021,20370
1685,MĘŻCZYŹNI,AM,18-24,2021,141926
1691,MĘŻCZYŹNI,B,18-24,2021,149583
128,MĘŻCZYŹNI,B1,25-34,2022,16490
127,MĘŻCZYŹNI,B1,18-24,2022,135538
126,MĘŻCZYŹNI,B+E,od 65,2022,104
120,MĘŻCZYŹNI,B,od 65,2022,134
124,MĘŻCZYŹNI,B+E,45-54,2022,5249
123,MĘŻCZYŹNI,B+E,35-44,2022,12901
129,MĘŻCZYŹNI,B1,35-44,2022,7982
121,MĘŻCZYŹNI,B+E,18-24,2022,10340
125,MĘŻCZYŹNI,B+E,55-64,2022,792
122,MĘŻCZYŹNI,B+E,25-34,2022,15836
133,MĘŻCZYŹNI,C,18-24,2022,9738
131,MĘŻCZYŹNI,B1,55-64,2022,551
132,MĘŻCZYŹNI,B1,od 65,2022,699
134,MĘŻCZYŹNI,C,25-34,2022,14300
140,MĘŻCZYŹNI,C+E,25-34,2022,11967
135,MĘŻCZYŹNI,C,35-44,2022,8165
136,MĘŻCZYŹNI,C,45-54,2022,3078
139,MĘŻCZYŹNI,C+E,18-24,2022,7169
137,MĘŻCZYŹNI,C,55-64,2022,371
138,MĘŻCZYŹNI,C,od 65,2022,20
130,MĘŻCZYŹNI,B1,45-54,2022,2434
119,MĘŻCZYŹNI,B,55-64,2022,491
100,MĘŻCZYŹNI,A1,45-54,2022,2709
117,MĘŻCZYŹNI,B,35-44,2022,7678
97,MĘŻCZYŹNI,A1,18-24,2022,5586
141,MĘŻCZYŹNI,C+E,35-44,2022,8400
98,MĘŻCZYŹNI,A1,25-34,2022,12904
99,MĘŻCZYŹNI,A1,35-44,2022,8672
101,MĘŻCZYŹNI,A1,55-64,2022,267
102,MĘŻCZYŹNI,A1,od 65,2022,4165
103,MĘŻCZYŹNI,A2,18-24,2022,6690
104,MĘŻCZYŹNI,A2,25-34,2022,13029
105,MĘŻCZYŹNI,A2,35-44,2022,8720
118,MĘŻCZYŹNI,B,45-54,2022,2264
106,MĘŻCZYŹNI,A2,45-54,2022,2721
108,MĘŻCZYŹNI,A2,od 65,2022,48
109,MĘŻCZYŹNI,AM,18-24,2022,128169
110,MĘŻCZYŹNI,AM,25-34,2022,16430
111,MĘŻCZYŹNI,AM,35-44,2022,7981
112,MĘŻCZYŹNI,AM,45-54,2022,2422
113,MĘŻCZYŹNI,AM,55-64,2022,590
114,MĘŻCZYŹNI,AM,od 65,2022,8690
115,MĘŻCZYŹNI,B,18-24,2022,136122
116,MĘŻCZYŹNI,B,25-34,2022,16076
107,MĘŻCZYŹNI,A2,55-64,2022,276
142,MĘŻCZYŹNI,C+E,45-54,2022,3248
184,MĘŻCZYŹNI,T,45-54,2022,4379
144,MĘŻCZYŹNI,C+E,od 65,2022,17
170,MĘŻCZYŹNI,D1,25-34,2022,1463
171,MĘŻCZYŹNI,D1,35-44,2022,1487
172,MĘŻCZYŹNI,D1,45-54,2022,943
173,MĘŻCZYŹNI,D1,55-64,2022,209
174,MĘŻCZYŹNI,D1,od 65,2022,9
175,MĘŻCZYŹNI,D1+E,18-24,2022,124
176,MĘŻCZYŹNI,D1+E,25-34,2022,1017
177,MĘŻCZYŹNI,D1+E,35-44,2022,1220
178,MĘŻCZYŹNI,D1+E,45-54,2022,686
169,MĘŻCZYŹNI,D1,18-24,2022,306
179,MĘŻCZYŹNI,D1+E,55-64,2022,120
181,MĘŻCZYŹNI,T,18-24,2022,10702
182,MĘŻCZYŹNI,T,25-34,2022,15619
183,MĘŻCZYŹNI,T,35-44,2022,12594
185,MĘŻCZYŹNI,T,55-64,2022,578
186,MĘŻCZYŹNI,T,od 65,2022,2900
187,MĘŻCZYŹNI,U,18-24,2022,28
188,MĘŻCZYŹNI,U,25-34,2022,55
189,MĘŻCZYŹNI,U,35-44,2022,53
96,MĘŻCZYŹNI,A,od 65,2022,29
180,MĘŻCZYŹNI,D1+E,od 65,2022,11
168,MĘŻCZYŹNI,D+E,od 65,2022,11
167,MĘŻCZYŹNI,D+E,55-64,2022,113
166,MĘŻCZYŹNI,D+E,45-54,2022,674
145,MĘŻCZYŹNI,C1,18-24,2022,9736
146,MĘŻCZYŹNI,C1,25-34,2022,14361
147,MĘŻCZYŹNI,C1,35-44,2022,8277
148,MĘŻCZYŹNI,C1,45-54,2022,3170
149,MĘŻCZYŹNI,C1,55-64,2022,410
150,MĘŻCZYŹNI,C1,od 65,2022,27
151,MĘŻCZYŹNI,C1+E,18-24,2022,7162
152,MĘŻCZYŹNI,C1+E,25-34,2022,11993
153,MĘŻCZYŹNI,C1+E,35-44,2022,8480
154,MĘŻCZYŹNI,C1+E,45-54,2022,3330
155,MĘŻCZYŹNI,C1+E,55-64,2022,379
156,MĘŻCZYŹNI,C1+E,od 65,2022,21
157,MĘŻCZYŹNI,D,18-24,2022,304
158,MĘŻCZYŹNI,D,25-34,2022,1456
159,MĘŻCZYŹNI,D,35-44,2022,1466
160,MĘŻCZYŹNI,D,45-54,2022,921
161,MĘŻCZYŹNI,D,55-64,2022,195
162,MĘŻCZYŹNI,D,od 65,2022,7
163,MĘŻCZYŹNI,D+E,18-24,2022,123
164,MĘŻCZYŹNI,D+E,25-34,2022,1014
165,MĘŻCZYŹNI,D+E,35-44,2022,1207
143,MĘŻCZYŹNI,C+E,55-64,2022,351
95,MĘŻCZYŹNI,A,55-64,2022,238
9,KOBIETY,A1,45-54,2022,203
93,MĘŻCZYŹNI,A,35-44,2022,8539
24,KOBIETY,B,18-24,2022,121811
25,KOBIETY,B,25-34,2022,25510
26,KOBIETY,B,35-44,2022,12417
27,KOBIETY,B,45-54,2022,4919
28,KOBIETY,B,55-64,2022,1535
29,KOBIETY,B,od 65,2022,190
30,KOBIETY,B+E,18-24,2022,556
31,KOBIETY,B+E,25-34,2022,693
32,KOBIETY,B+E,35-44,2022,660
23,KOBIETY,AM,od 65,2022,1714
33,KOBIETY,B+E,45-54,2022,176
35,KOBIETY,B1,18-24,2022,121466
36,KOBIETY,B1,25-34,2022,25705
37,KOBIETY,B1,35-44,2022,12589
38,KOBIETY,B1,45-54,2022,5001
39,KOBIETY,B1,55-64,2022,1547
40,KOBIETY,B1,od 65,2022,554
41,KOBIETY,C,18-24,2022,538
42,KOBIETY,C,25-34,2022,818
43,KOBIETY,C,35-44,2022,638
34,KOBIETY,B+E,55-64,2022,9
44,KOBIETY,C,45-54,2022,191
22,KOBIETY,AM,55-64,2022,1559
20,KOBIETY,AM,35-44,2022,12562
190,MĘŻCZYŹNI,U,45-54,2022,28
0,KOBIETY,A,18-24,2022,230
1,KOBIETY,A,25-34,2022,1411
2,KOBIETY,A,35-44,2022,767
3,KOBIETY,A,45-54,2022,199
4,KOBIETY,A,55-64,2022,7
5,KOBIETY,A,od 65,2022,1
6,KOBIETY,A1,18-24,2022,700
7,KOBIETY,A1,25-34,2022,1375
21,KOBIETY,AM,45-54,2022,4992
8,KOBIETY,A1,35-44,2022,771
11,KOBIETY,A1,od 65,2022,546
12,KOBIETY,A2,18-24,2022,701
13,KOBIETY,A2,25-34,2022,1372
14,KOBIETY,A2,35-44,2022,770
15,KOBIETY,A2,45-54,2022,204
16,KOBIETY,A2,55-64,2022,7
17,KOBIETY,A2,od 65,2022,1
18,KOBIETY,AM,18-24,2022,120606
19,KOBIETY,AM,25-34,2022,25645
10,KOBIETY,A1,55-64,2022,7
45,KOBIETY,C,55-64,2022,9
46,KOBIETY,C+E,18-24,2022,355
47,KOBIETY,C+E,25-34,2022,514
73,KOBIETY,D1,35-44,2022,200
74,KOBIETY,D1,45-54,2022,123
75,KOBIETY,D1,55-64,2022,5
76,KOBIETY,D1+E,18-24,2022,6
77,KOBIETY,D1+E,25-34,2022,50
78,KOBIETY,D1+E,35-44,2022,60
79,KOBIETY,D1+E,45-54,2022,19
80,KOBIETY,D1+E,55-64,2022,1
81,KOBIETY,T,18-24,2022,607
72,KOBIETY,D1,25-34,2022,186
82,KOBIETY,T,25-34,2022,702
84,KOBIETY,T,45-54,2022,172
85,KOBIETY,T,55-64,2022,12
86,KOBIETY,T,od 65,2022,68
87,KOBIETY,U,18-24,2022,7
88,KOBIETY,U,25-34,2022,24
89,KOBIETY,U,35-44,2022,28
90,KOBIETY,U,45-54,2022,12
91,MĘŻCZYŹNI,A,18-24,2022,3407
92,MĘŻCZYŹNI,A,25-34,2022,13751
83,KOBIETY,T,35-44,2022,662
71,KOBIETY,D1,18-24,2022,33
70,KOBIETY,D+E,55-64,2022,1
69,KOBIETY,D+E,45-54,2022,19
48,KOBIETY,C+E,35-44,2022,444
49,KOBIETY,C+E,45-54,2022,137
50,KOBIETY,C+E,55-64,2022,6
51,KOBIETY,C1,18-24,2022,538
52,KOBIETY,C1,25-34,2022,818
53,KOBIETY,C1,35-44,2022,640
54,KOBIETY,C1,45-54,2022,190
55,KOBIETY,C1,55-64,2022,9
56,KOBIETY,C1+E,18-24,2022,355
57,KOBIETY,C1+E,25-34,2022,514
58,KOBIETY,C1+E,35-44,2022,446
59,KOBIETY,C1+E,45-54,2022,136
60,KOBIETY,C1+E,55-64,2022,6
61,KOBIETY,D,18-24,2022,33
62,KOBIETY,D,25-34,2022,187
63,KOBIETY,D,35-44,2022,199
64,KOBIETY,D,45-54,2022,123
65,KOBIETY,D,55-64,2022,5
66,KOBIETY,D+E,18-24,2022,6
67,KOBIETY,D+E,25-34,2022,51
68,KOBIETY,D+E,35-44,2022,62
94,MĘŻCZYŹNI,A,45-54,2022,2567
191,MĘŻCZYŹNI,U,55-64,2022,6
